transaction_id,utr_number,batch_id,scheme_name,rail_operator,originating_country,currency_code,transaction_type,amount,fee_charged,net_amount,status,failure_reason,initiated_at,completed_at,latency_ms,sender_account,sender_bank,receiver_account,receiver_bank,device_type,auth_method,merchant_category,is_cross_border,edge_case_flag,edge_case_note,data_classification,synthetic_version,do_not_use_in_prod
872381a5-d00d-4793-82b4-b17c74d05b0e,ZCBGG79H1GJMN7MKXDVB5,BATCH_20250531_52,FAST,BKM,TR,USD,P2P,1208.09,0.0,1208.09,TIMED_OUT,INSUFFICIENT_FUNDS,2025-05-31T20:51:23,,31079,XXXX45527547,FNB_ZA,XXXX07048915,AXIS_BANK,MOBILE_APP,HARDWARE_TOKEN,,False,NORMAL,,SYNTHETIC_TEST_DATA,RTP-FULL-SYNTH-v1.0,True
75cc9bd5-9949-4120-be92-33a0983290c7,8767KF4Y48CYCCGM595B,BATCH_20250509_33,TIPS,Bank of Tanzania,TZ,USD,P2B,278.03,0.0,278.03,COMPLETED,,2025-05-09T12:37:37,2025-05-09T12:37:42.705000,5705,XXXX86205536,BARCLAYS,XXXX72290020,DBS_BANK,POS_TERMINAL,HARDWARE_TOKEN,UTILITIES,True,NORMAL,,SYNTHETIC_TEST_DATA,RTP-FULL-SYNTH-v1.0,True
2e7b523b-73b5-463b-bb8a-6c7880741b63,FXZLPEW92HQTK85RH1T0592G,BATCH_20250430_92,Oasis,FTCI,KR,USD,P2B,15915.15,26.34,15888.81,COMPLETED,,2025-04-30T13:00:45,2025-04-30T13:00:46.524000,1524,XXXX02034601,ICICI_BANK,XXXX20311111,STATE_BANK,API_DIRECT,OTP,TRANSPORT,False,NORMAL,,SYNTHETIC_TEST_DATA,RTP-FULL-SYNTH-v1.0,True
26d699c1-bee7-439e-bf62-b4a47a8f0dcd,LCFL3WXYBU1JRKU1EF32GEX,BATCH_20250407_76,InstaPay,BancNet,PH,USD,P2P,444.56,0.0,444.56,COMPLETED,,2025-04-07T18:29:48,2025-04-07T18:29:56.548000,8548,XXXX41338809,COMMBANK,XXXX97949487,ITAU_BANK,USSD,HARDWARE_TOKEN,,False,NORMAL,,SYNTHETIC_TEST_DATA,RTP-FULL-SYNTH-v1.0,True
b2fbeee6-00ba-4857-912a-132cba2725f8,EV1KAPY5WCGTJEF2M48MYHKH,BATCH_20250315_14,Vipps,Vipps AS,NO,USD,B2B,42128.03,0.0,42128.03,TIMED_OUT,DAILY_LIMIT_EXCEEDED,2025-03-15T20:03:52,,33933,XXXX79274472,JP_MORGAN,XXXX94087405,STATE_BANK,ATM,BIOMETRIC,HEALTHCARE,False,NORMAL,,SYNTHETIC_TEST_DATA,RTP-FULL-SYNTH-v1.0,True
96fa226b-a71b-4392-b020-7333ac1e72e0,DD5LT72519WR5WJMZA82106H,BATCH_20250319_62,SPEI,Banxico,MX,MXN,P2P,2929.78,0.0,2929.78,TIMED_OUT,INSUFFICIENT_FUNDS,2025-03-19T04:48:26,,30278,XXXX04367402,JP_MORGAN,XXXX91162869,ITAU_BANK,WEB_BROWSER,NONE,,False,NORMAL,,SYNTHETIC_TEST_DATA,RTP-FULL-SYNTH-v1.0,True
2a005d39-0afb-4984-b2ed-29919c47b59a,KGV0V6W0R1ERJNNCTHTUR5UY,BATCH_20250523_57,SARIE,Saudi Payments,SA,USD,B2B,13611.13,2.35,13608.78,COMPLETED,,2025-05-23T13:09:29,2025-05-23T13:09:33.196000,4196,XXXX96703313,PKO_BP,XXXX62235651,LLOYDS,USSD,HARDWARE_TOKEN,RETAIL,False,NORMAL,,SYNTHETIC_TEST_DATA,RTP-FULL-SYNTH-v1.0,True
83d15ea3-f77b-4073-96e0-3eab4178deb2,JLN27YF9C9VB61TKB,BATCH_20250530_06,Virement Instantane,Banque de France,FR,USD,P2B,36038.34,0.0,36038.34,COMPLETED,,2025-05-30T13:25:40,2025-05-30T13:25:46.120000,6120,XXXX72246503,BARCLAYS,XXXX97999603,BNP_PARIBAS,MOBILE_APP,HARDWARE_TOKEN,UTILITIES,False,NORMAL,,SYNTHETIC_TEST_DATA,RTP-FULL-SYNTH-v1.0,True
5faf3004-f79f-4d4a-9763-c399083dae55,FHH60XAKRGR5LT673YH3LAZQ,BATCH_20250328_56,Vipps,Vipps AS,NO,USD,P2P,184.79,0.0,184.79,FAILED,BANK_OFFLINE,2025-03-28T20:31:15,,2532,XXXX65315929,ITAU_BANK,XXXX10856054,BARCLAYS,WEB_BROWSER,MPIN,,False,AFTER_HOURS_LEGACY_BANK,Initiated at 03:00 local — legacy bank offline window,SYNTHETIC_TEST_DATA,RTP-FULL-SYNTH-v1.0,True
2409207f-8c13-4e39-94f1-e40a8a093c12,T6RFE8ZMT6QH4WSGXUK9,BATCH_20250521_81,Faster Payments,Pay.UK,GB,GBP,P2P,626.39,0.0,626.39,TIMED_OUT,ACCOUNT_FROZEN,2025-05-21T04:04:33,,33272,XXXX19029013,MAYBANK,XXXX87839672,JP_MORGAN,ATM,NONE,,False,NORMAL,,SYNTHETIC_TEST_DATA,RTP-FULL-SYNTH-v1.0,True
c39dee27-36d6-4174-a737-9f7ba66f82b0,VC3VVGHQFBB3M8R0GH,BATCH_20250317_95,Express Elixir,KIR,PL,PLN,B2B,15416.67,0.0,15416.67,COMPLETED,,2025-03-17T22:38:35,2025-03-17T22:38:36.634000,1634,XXXX94315001,ICICI_BANK,XXXX99062389,ICICI_BANK,USSD,BIOMETRIC,TRANSPORT,False,NORMAL,,SYNTHETIC_TEST_DATA,RTP-FULL-SYNTH-v1.0,True
437c7c7e-70d8-42de-a106-f38edfb4af24,2JS8WT0ZUNV7QYJTLLGFDB8,BATCH_20250410_25,Transfiya,ACH Colombia,CO,USD,P2P,754.02,0.0,754.02,COMPLETED,,2025-04-10T17:31:41,2025-04-10T17:31:47.424000,6424,XXXX71626179,COMMBANK,XXXX30087989,JP_MORGAN,MOBILE_APP,MPIN,,True,NORMAL,,SYNTHETIC_TEST_DATA,RTP-FULL-SYNTH-v1.0,True
e34115f2-ad5b-4741-8ce6-ceafa3a95f92,R6GGXEU7H9FG18NKC,BATCH_20250501_82,iDEAL 2.0,Currence,NL,USD,P2B,34076.45,0.0,34076.45,COMPLETED,,2025-05-01T02:43:16,2025-05-01T02:43:17.748000,1748,XXXX46354648,ICICI_BANK,XXXX96159078,AXIS_BANK,POS_TERMINAL,BIOMETRIC,UTILITIES,False,NORMAL,,SYNTHETIC_TEST_DATA,RTP-FULL-SYNTH-v1.0,True
294f91a4-9d44-4e21-a0a7-8b9ebee9f2d5,R16GSEEYF5L3RPA7B9VBN,BATCH_20250410_42,Bizum,AEB,ES,USD,P2B,468.46,0.0,468.46,COMPLETED,,2025-04-10T18:29:30,2025-04-10T18:29:36.422000,6422,XXXX61827167,JP_MORGAN,XXXX20704010,BRI,WEB_BROWSER,MPIN,GOVERNMENT_FEE,False,NORMAL,,SYNTHETIC_TEST_DATA,RTP-FULL-SYNTH-v1.0,True
d4a230c1-1e05-4786-9931-24f2fd389d2a,C8EXZASZGDBKFC22,BATCH_20250310_25,Aani,Al Etihad Payments,AE,USD,P2P,1780.35,0.0,1780.35,COMPLETED,,2025-03-10T12:17:28,2025-03-10T12:17:32.336000,4336,XXXX55024396,HDFC_BANK,XXXX09818959,LLOYDS,MOBILE_APP,MPIN,,False,NORMAL,,SYNTHETIC_TEST_DATA,RTP-FULL-SYNTH-v1.0,True
087c2b06-8014-4231-b7b2-b3576778c04e,ZGK1TAUQ0AU7UPGEQQV,BATCH_20250522_45,SARIE,Saudi Payments,SA,USD,P2P,792.53,0.0,792.53,FAILED,BENEFICIARY_NOT_FOUND,2025-05-22T20:51:16,,3274,XXXX60143396,BNP_PARIBAS,XXXX97860884,JP_MORGAN,API_DIRECT,MPIN,,False,NORMAL,,SYNTHETIC_TEST_DATA,RTP-FULL-SYNTH-v1.0,True
b1fba588-135e-4367-8eb3-63a65f009b2f,BYGD87SJQT2JF652ZS2,BATCH_20250530_33,InstaPay,BancNet,PH,USD,P2P,361.48,0.0,361.48,FAILED,FRAUD_HOLD,2025-05-30T13:01:11,,1754,XXXX19340836,DEUTSCHE_BANK,XXXX17387213,PKO_BP,ATM,MPIN,,False,NORMAL,,SYNTHETIC_TEST_DATA,RTP-FULL-SYNTH-v1.0,True
81fc3819-b606-415c-b677-56b993df2688,RHZ5QPKUECYEZW1M7CCTJBS,BATCH_20250403_53,BI-FAST,Bank Indonesia,ID,IDR,P2B,1205.94,0.0,1205.94,FAILED,INSUFFICIENT_FUNDS,2025-04-03T20:54:06,,2850,XXXX26793441,HDFC_BANK,XXXX13779950,BRI,ATM,MPIN,HEALTHCARE,False,NORMAL,,SYNTHETIC_TEST_DATA,RTP-FULL-SYNTH-v1.0,True
eaf6f13d-b0d2-4a5e-9fcb-47d180576a0a,6XPEGXCQ694UMR0F71M5,BATCH_20250403_15,TIPS,Bank of Tanzania,TZ,USD,P2B,305.73,0.0,305.73,PENDING,,2025-04-03T17:43:34,,,XXXX41541042,BARCLAYS,XXXX94717994,JP_MORGAN,ATM,NONE,RETAIL,False,NORMAL,,SYNTHETIC_TEST_DATA,RTP-FULL-SYNTH-v1.0,True
7d70affa-f788-4fb1-a963-514c774ab104,W8XUB5LUF0HZ2WJ48B,BATCH_20250330_07,LankaPay,LankaClear,LK,USD,P2P,1040.17,0.0,1040.17,FAILED,BANK_OFFLINE,2025-03-30T18:52:45,,271,XXXX82150316,STATE_BANK,XXXX81560714,AXIS_BANK,MOBILE_APP,HARDWARE_TOKEN,,False,NORMAL,,SYNTHETIC_TEST_DATA,RTP-FULL-SYNTH-v1.0,True
22db025c-a5fd-443b-8a53-ba94beb52e31,85SYA3E3U61MQ0GA8D4GTYN,BATCH_20250417_75,iDEAL 2.0,Currence,NL,USD,P2G,25757.51,0.0,25757.51,COMPLETED,,2025-04-17T17:50:26,2025-04-17T17:50:29.039000,3039,XXXX90230395,DEUTSCHE_BANK,XXXX89813674,FIRST_BANK_NG,POS_TERMINAL,OTP,,False,NORMAL,,SYNTHETIC_TEST_DATA,RTP-FULL-SYNTH-v1.0,True
cf4ce9b3-46df-4b50-9652-4eaf5a8fc65b,BK4Q1RQHS5NPQ9J7NE5834,BATCH_20250418_60,Virement Instantane,Banque de France,FR,USD,P2G,11072.38,0.0,11072.38,TIMED_OUT,BENEFICIARY_NOT_FOUND,2025-04-18T02:05:44,,30833,XXXX98271287,DBS_BANK,XXXX19069687,FIRST_BANK_NG,USSD,HARDWARE_TOKEN,FOOD_BEVERAGE,False,NORMAL,,SYNTHETIC_TEST_DATA,RTP-FULL-SYNTH-v1.0,True
c6027726-9f68-486e-acb5-ddbe7ec88c00,Q95759RVTWC25LEQHK,BATCH_20250513_38,InstaPay,BancNet,PH,USD,P2P,525.83,0.0,525.83,TIMED_OUT,DAILY_LIMIT_EXCEEDED,2025-05-13T13:00:44,,34338,XXXX28795217,BRADESCO,XXXX82166121,FNB_ZA,MOBILE_APP,BIOMETRIC,,False,NORMAL,,SYNTHETIC_TEST_DATA,RTP-FULL-SYNTH-v1.0,True
ec8c2dd1-47dc-44ba-ad7a-9c12e1256565,Q7GE1VDTHL890FH1TRL7JP,BATCH_20250302_81,M-PESA,Safaricom,KE,USD,P2B,555.8,0.0,555.8,COMPLETED,,2025-03-02T07:25:10,2025-03-02T07:25:19.748000,9748,XXXX26137684,HDFC_BANK,XXXX83712218,BNP_PARIBAS,WEB_BROWSER,BIOMETRIC,HEALTHCARE,False,NORMAL,,SYNTHETIC_TEST_DATA,RTP-FULL-SYNTH-v1.0,True
019024b0-3e0e-4590-8c27-c4e349506806,5KQ66SUDFS0UK9XQSG,BATCH_20250525_72,SARIE,Saudi Payments,SA,USD,P2B,728.67,0.0,728.67,FAILED,INVALID_VPA,2025-05-25T08:24:43,,4275,XXXX30001736,BNP_PARIBAS,XXXX71111179,BNP_PARIBAS,USSD,OTP,HEALTHCARE,False,NORMAL,,SYNTHETIC_TEST_DATA,RTP-FULL-SYNTH-v1.0,True
3a1199b5-a629-4e02-b9b4-8344dbf80413,6KP4DRVUE0UZC9ZU,BATCH_20250412_43,SARIE,Saudi Payments,SA,USD,B2B,15891.33,14.35,15876.98,FAILED,INSUFFICIENT_FUNDS,2025-04-12T06:43:17,,529,XXXX55712021,MAYBANK,XXXX19965845,FIRST_BANK_NG,API_DIRECT,NONE,EDUCATION,False,NORMAL,,SYNTHETIC_TEST_DATA,RTP-FULL-SYNTH-v1.0,True
d6bd2ea1-741f-4cad-b196-71d3deb1160d,CPZDH03ZZP4NNGTMN05LF9FX,BATCH_20250508_56,CIPS/IBPS,PBoC,CN,USD,G2P,12379.15,0.99,12378.16,COMPLETED,,2025-05-08T21:15:20,2025-05-08T21:15:21.057000,1057,XXXX80361054,DEUTSCHE_BANK,XXXX40317416,BRADESCO,MOBILE_APP,MPIN,UTILITIES,False,NORMAL,,SYNTHETIC_TEST_DATA,RTP-FULL-SYNTH-v1.0,True
c1e249eb-94df-4aae-8476-e7651b223192,WPJA26XWCRR8J346,BATCH_20250522_59,FAST,BKM,TR,USD,P2P,2178.64,0.54,2178.1,COMPLETED,,2025-05-22T21:36:09,2025-05-22T21:36:15.721000,6721,XXXX21700429,MAYBANK,XXXX93148692,MAYBANK,USSD,BIOMETRIC,,False,NORMAL,,SYNTHETIC_TEST_DATA,RTP-FULL-SYNTH-v1.0,True
d715ccb1-4603-4034-ab9c-de7d9e887ea0,C1WKR297KKAXT22F,BATCH_20250402_57,EthSwitch,EthSwitch,ET,USD,P2G,418.44,0.0,418.44,COMPLETED,,2025-04-02T01:24:17,2025-04-02T01:24:17.268000,268,XXXX34094204,BANAMEX,XXXX85261727,LLOYDS,WEB_BROWSER,MPIN,TRANSPORT,False,NORMAL,,SYNTHETIC_TEST_DATA,RTP-FULL-SYNTH-v1.0,True
d8df23d6-8a68-4604-8bc7-826cc727d95c,XUGJSG8WG2D6CXNQAZD,BATCH_20250308_43,RwandaRapide,NBR,RW,USD,P2B,148.38,0.0,148.38,COMPLETED,,2025-03-08T09:11:52,2025-03-08T09:11:55.834000,3834,XXXX18184619,KASIKORN,XXXX80587544,ICICI_BANK,ATM,MPIN,EDUCATION,False,NORMAL,,SYNTHETIC_TEST_DATA,RTP-FULL-SYNTH-v1.0,True
ee55e507-9129-4462-a95a-9ac8af5104ce,XL9Y895AP0JC69FA,BATCH_20250523_65,NAPAS 247,NAPAS,VN,USD,G2P,1748.38,0.69,1747.69,FAILED,INVALID_VPA,2025-05-23T22:58:05,,3770,XXXX84334862,FNB_ZA,XXXX82398959,BNP_PARIBAS,ATM,HARDWARE_TOKEN,TRANSPORT,False,NORMAL,,SYNTHETIC_TEST_DATA,RTP-FULL-SYNTH-v1.0,True
eeb787de-f40e-4b8c-9e51-10a6aa8ff8e2,0H1LT35H3FFHMNK4NS9T6A9,BATCH_20250403_52,UPI,NPCI,IN,INR,P2B,7056.08,7.76,7048.32,COMPLETED,,2025-04-03T11:52:58,2025-04-03T11:52:58.863000,863,XXXX65216495,HDFC_BANK,XXXX69655644,LLOYDS,ATM,OTP,EDUCATION,False,NORMAL,,SYNTHETIC_TEST_DATA,RTP-FULL-SYNTH-v1.0,True
81c01650-67e7-403b-9793-3809f4d96f0a,RNTSJZ7A949PGT7G42VY8V,BATCH_20250503_01,NPP,NPPA,AU,AUD,P2P,59.98,0.0,59.98,COMPLETED,,2025-05-03T22:22:35,2025-05-03T22:22:42.246000,7246,XXXX59937639,DEUTSCHE_BANK,XXXX56518116,ITAU_BANK,USSD,HARDWARE_TOKEN,,False,NORMAL,,SYNTHETIC_TEST_DATA,RTP-FULL-SYNTH-v1.0,True
18ac9eb8-d309-469e-bb71-88198d6913ad,2P1X7VUW1G8WTJKYAR,BATCH_20250518_27,Zengin,JBA,JP,USD,G2P,12147.53,2.6,12144.93,COMPLETED,,2025-05-18T13:10:14,2025-05-18T13:10:18.753000,4753,XXXX50682793,PKO_BP,XXXX57984321,BRADESCO,MOBILE_APP,MPIN,EDUCATION,False,NORMAL,,SYNTHETIC_TEST_DATA,RTP-FULL-SYNTH-v1.0,True
7b4f9567-b8ee-4ec2-8175-544bbe2c7f39,TYVSP3AT4FZ3AAR8D0,BATCH_20250421_57,Raast,SBP,PK,PKR,P2B,1043.12,2.02,1041.1,COMPLETED,,2025-04-21T00:52:56,2025-04-21T00:52:58.527000,2527,XXXX50806209,HDFC_BANK,XXXX34531451,BARCLAYS,WEB_BROWSER,MPIN,TRANSPORT,False,NORMAL,,SYNTHETIC_TEST_DATA,RTP-FULL-SYNTH-v1.0,True
1da11f5e-811a-48fc-9a73-c29d829433c6,VNV0P402CXNWBQTWLB,BATCH_20250407_95,DuitNow,PayNet,MY,MYR,P2B,5897.25,0.0,5897.25,REVERSED,INVALID_ACCOUNT_NUMBER,2025-04-07T15:53:25,,5949,XXXX68705856,COMMBANK,XXXX85562711,BNP_PARIBAS,MOBILE_APP,MPIN,,False,NORMAL,,SYNTHETIC_TEST_DATA,RTP-FULL-SYNTH-v1.0,True
1018fa55-6b75-4aa2-b4b0-5d2d8dd51b51,N0LV1M48UXHS4FR9B52LS4U,BATCH_20250305_28,SARIE,Saudi Payments,SA,USD,P2B,4031.25,0.0,4031.25,FAILED,DUPLICATE_TRANSACTION,2025-03-05T22:55:46,,4310,XXXX60013366,FIRST_BANK_NG,XXXX67547060,COMMBANK,API_DIRECT,HARDWARE_TOKEN,RETAIL,False,NORMAL,,SYNTHETIC_TEST_DATA,RTP-FULL-SYNTH-v1.0,True
c0a0744c-32b3-4e4c-9b19-888f52f2f803,H7V4BLJDENJTKCYT9D1AZP,BATCH_20250420_16,SBP,NSPK,RU,USD,P2G,2268.0,0.0,2268.0,COMPLETED,,2025-04-20T05:02:45,2025-04-20T05:02:51.490000,6490,XXXX41787119,HDFC_BANK,XXXX43459189,PKO_BP,USSD,MPIN,TRANSPORT,False,NORMAL,,SYNTHETIC_TEST_DATA,RTP-FULL-SYNTH-v1.0,True
f86d4b74-9582-4dad-9abc-8783a741e433,UKSCRWGFYZUNVFJDQQVY,BATCH_20250401_08,Faster Payments,Pay.UK,GB,GBP,P2P,1433.63,0.0,1433.63,REVERSED,INVALID_ACCOUNT_NUMBER,2025-04-01T03:34:38,,2691,XXXX87262739,ITAU_BANK,XXXX27094374,FIRST_BANK_NG,MOBILE_APP,BIOMETRIC,,False,NORMAL,,SYNTHETIC_TEST_DATA,RTP-FULL-SYNTH-v1.0,True
654c3ef9-9567-47a8-97d5-788e40a4f7a1,FBNL0K5W9KNMWP9D9G1,BATCH_20250517_71,bKash,bKash Ltd,BD,USD,B2B,5523.62,0.0,5523.62,TIMED_OUT,INVALID_VPA,2025-05-17T05:24:05,,32268,XXXX58544715,AXIS_BANK,XXXX31244995,LLOYDS,ATM,BIOMETRIC,HEALTHCARE,False,NORMAL,,SYNTHETIC_TEST_DATA,RTP-FULL-SYNTH-v1.0,True
2bf69dcd-df6d-4a90-be58-f7803400faf7,KJHB5VHJGBG59AQ8T8EC,BATCH_20250417_50,SBP,NSPK,RU,USD,B2B,9538.34,0.0,9538.34,FAILED,BENEFICIARY_NOT_FOUND,2025-04-17T05:01:37,,3669,XXXX22720807,AXIS_BANK,XXXX10578876,DBS_BANK,ATM,BIOMETRIC,,False,NORMAL,,SYNTHETIC_TEST_DATA,RTP-FULL-SYNTH-v1.0,True
2e43f40a-424e-4dc7-8101-9f97238e6cb9,XGA7JHJH161HUWALX362HT0,BATCH_20250304_98,NPP,NPPA,AU,AUD,P2P,1883.18,0.0,1883.18,COMPLETED,,2025-03-04T20:35:18,2025-03-04T20:35:26.837000,8837,XXXX42425202,BNP_PARIBAS,XXXX88564408,ICICI_BANK,USSD,BIOMETRIC,,False,NORMAL,,SYNTHETIC_TEST_DATA,RTP-FULL-SYNTH-v1.0,True
357ba0a9-dc82-47a8-bbd4-183a854ba8a4,HK2TNJ103LJ4CK3C83,BATCH_20250526_32,SBP,NSPK,RU,USD,P2G,2137.61,4.18,2133.43,COMPLETED,,2025-05-26T17:13:11,2025-05-26T17:13:19.949000,8949,XXXX77544395,AXIS_BANK,XXXX92777727,PKO_BP,API_DIRECT,BIOMETRIC,TRANSPORT,False,NORMAL,,SYNTHETIC_TEST_DATA,RTP-FULL-SYNTH-v1.0,True
6917fd48-6d5d-403d-b27f-cb295fcefbbc,KWRS3Y08AUP0EZVM5Y5W,BATCH_20250503_67,DuitNow,PayNet,MY,MYR,P2P,368.7,0.0,368.7,COMPLETED,,2025-05-03T05:20:26,2025-05-03T05:20:32.387000,6387,XXXX74854828,BRI,XXXX00165053,DBS_BANK,WEB_BROWSER,BIOMETRIC,,False,NORMAL,,SYNTHETIC_TEST_DATA,RTP-FULL-SYNTH-v1.0,True
4ee7f3e6-9169-410e-ae7e-f9fc5083c1d8,NUA1DLBHBCEDB0G3N,BATCH_20250518_45,Transferencias 3.0,BCRA,AR,USD,P2B,407.58,0.0,407.58,REVERSED,DAILY_LIMIT_EXCEEDED,2025-05-18T14:33:03,,1489,XXXX15344893,KASIKORN,XXXX67003221,MAYBANK,USSD,OTP,GOVERNMENT_FEE,False,NORMAL,,SYNTHETIC_TEST_DATA,RTP-FULL-SYNTH-v1.0,True
0c166faf-51f1-46a9-a1d5-d7f7155d8568,ZXCRLP1V1U49VNACZ3SRSH8,BATCH_20250526_84,Vipps,Vipps AS,NO,USD,P2P,3049.2,0.0,3049.2,REVERSED,BENEFICIARY_NOT_FOUND,2025-05-26T11:06:17,,811,XXXX12729410,LLOYDS,XXXX23687310,MAYBANK,POS_TERMINAL,MPIN,,False,NORMAL,,SYNTHETIC_TEST_DATA,RTP-FULL-SYNTH-v1.0,True
2b7ee40f-7cf6-432d-8860-b39fddd7f3a8,SPGV9M7P96PKEAER0HNF6A4Z,BATCH_20250412_65,NIP,NIBSS,NG,NGN,B2B,7828.78,0.0,7828.78,COMPLETED,,2025-04-12T00:06:02,2025-04-12T00:06:04.710000,2710,XXXX72583719,FIRST_BANK_NG,XXXX84583345,BRADESCO,API_DIRECT,MPIN,EDUCATION,False,NORMAL,,SYNTHETIC_TEST_DATA,RTP-FULL-SYNTH-v1.0,True
33adcec3-1c5a-4d98-8b54-ce52b41427cf,7G00HB6G5QBHD4DWXEYRE93,BATCH_20250412_38,SARIE,Saudi Payments,SA,USD,P2P,3201.44,0.0,3201.44,COMPLETED,,2025-04-12T08:49:35,2025-04-12T08:49:41.734000,6734,XXXX28639787,PKO_BP,XXXX45546924,FIRST_BANK_NG,ATM,BIOMETRIC,,False,NORMAL,,SYNTHETIC_TEST_DATA,RTP-FULL-SYNTH-v1.0,True
3246ed1c-e870-43bb-85f3-4d534d50b4aa,4988F1JBNHLCM295L9N5CQY,BATCH_20250403_93,NPP,NPPA,AU,AUD,P2P,1550.07,1.01,1549.06,PENDING,,2025-04-03T09:00:58,,,XXXX59567273,HDFC_BANK,XXXX77844874,FNB_ZA,POS_TERMINAL,HARDWARE_TOKEN,,False,NORMAL,,SYNTHETIC_TEST_DATA,RTP-FULL-SYNTH-v1.0,True
67a97e5e-d977-4ab1-bac0-464ed77b5232,J8VKKANDKGWR9TH18H,BATCH_20250515_49,LankaPay,LankaClear,LK,USD,G2P,1426.33,1.59,1424.74,COMPLETED,,2025-05-15T11:44:47,2025-05-15T11:44:52.192000,5192,XXXX15978513,JP_MORGAN,XXXX65020434,FNB_ZA,ATM,HARDWARE_TOKEN,FOOD_BEVERAGE,False,NORMAL,,SYNTHETIC_TEST_DATA,RTP-FULL-SYNTH-v1.0,True
dca965af-d8f0-462a-9b63-a318c862b3e9,K5JHV22PF8WAKMJ1Y8,BATCH_20250306_41,Bizum,AEB,ES,USD,P2B,400.97,0.0,400.97,REVERSED,DUPLICATE_TRANSACTION,2025-03-06T03:12:18,,3732,XXXX21658340,BRADESCO,XXXX33629532,DBS_BANK,WEB_BROWSER,OTP,EDUCATION,False,NORMAL,,SYNTHETIC_TEST_DATA,RTP-FULL-SYNTH-v1.0,True
14e6d7b3-e86d-47ed-a2b4-ab73336b5a45,DKN9HX60L0DN0DJZ2JSGQT,BATCH_20250418_57,LankaPay,LankaClear,LK,USD,P2B,574.24,0.0,574.24,COMPLETED,,2025-04-18T13:30:34,2025-04-18T13:30:43.081000,9081,XXXX20439492,JP_MORGAN,XXXX90323418,PKO_BP,ATM,OTP,GOVERNMENT_FEE,False,NORMAL,,SYNTHETIC_TEST_DATA,RTP-FULL-SYNTH-v1.0,True
8a177dae-5ec1-4644-815a-53686fec8438,ED4SNE3TFECG2DJGMHD,BATCH_20250530_23,Express Elixir,KIR,PL,PLN,P2G,8494.95,0.0,8494.95,PENDING,,2025-05-30T01:02:14,,,XXXX01263415,MAYBANK,XXXX51555032,BRI,POS_TERMINAL,MPIN,FOOD_BEVERAGE,False,NORMAL,,SYNTHETIC_TEST_DATA,RTP-FULL-SYNTH-v1.0,True
6ad20360-b002-4ea4-910a-1e6aba9ad1f3,TLY9U3XVKVRNT0P3A5U,BATCH_20250501_60,SPEI,Banxico,MX,MXN,P2P,3174.28,6.27,3168.01,COMPLETED,,2025-05-01T19:27:39,2025-05-01T19:27:44.668000,5668,XXXX80042744,AXIS_BANK,XXXX25035573,FIRST_BANK_NG,POS_TERMINAL,NONE,,False,NORMAL,,SYNTHETIC_TEST_DATA,RTP-FULL-SYNTH-v1.0,True
36b235a7-4a4f-4e74-8e8e-82f3ce7f98a2,ZF9WEK3GBKVR3L13YDZZBV0,BATCH_20250509_79,FedNow,Federal Reserve,US,USD,P2P,212.92,0.0,212.92,COMPLETED,,2025-05-09T00:19:49,2025-05-09T00:19:56.410000,7410,XXXX30778336,PKO_BP,XXXX15686221,BRADESCO,POS_TERMINAL,OTP,,False,NORMAL,,SYNTHETIC_TEST_DATA,RTP-FULL-SYNTH-v1.0,True
893ef64b-c62e-41eb-bdc6-e84df1665422,71791FYNW49VZVP4,BATCH_20250521_33,Zengin,JBA,JP,USD,P2B,11031.39,0.0,11031.39,COMPLETED,,2025-05-21T19:35:53,2025-05-21T19:35:55.852000,2852,XXXX14059548,JP_MORGAN,XXXX58345165,STATE_BANK,POS_TERMINAL,OTP,GOVERNMENT_FEE,False,NORMAL,,SYNTHETIC_TEST_DATA,RTP-FULL-SYNTH-v1.0,True
14f00c01-1c66-42be-8168-2c1cbfeb8142,RR87MUPWDJ1EWJ2F,BATCH_20250528_50,InstaPay EG,EBC,EG,USD,G2P,941.65,0.0,941.65,COMPLETED,,2025-05-28T13:00:23,2025-05-28T13:00:26.393000,3393,XXXX36175879,ICICI_BANK,XXXX24345887,PKO_BP,WEB_BROWSER,MPIN,,False,NORMAL,,SYNTHETIC_TEST_DATA,RTP-FULL-SYNTH-v1.0,True
f4bf89d6-b609-42a1-a3a8-94b29aadcc6b,BD383738G4091S6B,BATCH_20250307_89,TIPS,Bank of Tanzania,TZ,USD,P2P,640.16,0.0,640.16,COMPLETED,,2025-03-07T03:39:00,2025-03-07T03:39:02.737000,2737,XXXX21144659,DEUTSCHE_BANK,XXXX21215277,BARCLAYS,POS_TERMINAL,BIOMETRIC,,False,NORMAL,,SYNTHETIC_TEST_DATA,RTP-FULL-SYNTH-v1.0,True
04e5b67f-25eb-44c8-9ab3-88556eb6d005,VUHYQANJX1V5LHYGQKA,BATCH_20250505_18,Express Elixir,KIR,PL,PLN,P2P,1539.85,0.0,1539.85,TIMED_OUT,BENEFICIARY_NOT_FOUND,2025-05-05T13:03:32,,29444,XXXX43381115,COMMBANK,XXXX41168660,BRADESCO,POS_TERMINAL,MPIN,,False,NORMAL,,SYNTHETIC_TEST_DATA,RTP-FULL-SYNTH-v1.0,True
cde94817-02bb-428f-b8cf-f7e7429bc790,WN0DACNLMB1GSX0XR,BATCH_20250513_70,CIPS/IBPS,PBoC,CN,USD,P2P,199.65,0.0,199.65,COMPLETED,,2025-05-13T19:02:51,2025-05-13T19:02:55.752000,4752,XXXX46345363,BRADESCO,XXXX00290481,BNP_PARIBAS,MOBILE_APP,OTP,,True,NORMAL,,SYNTHETIC_TEST_DATA,RTP-FULL-SYNTH-v1.0,True
da860045-126e-4f7b-95d2-c92ae4259c49,MJP6WWT3ZWNSUR2X1P1,BATCH_20250515_90,bKash,bKash Ltd,BD,USD,P2B,272.47,0.0,272.47,COMPLETED,,2025-05-15T07:01:27,2025-05-15T07:01:36.289000,9289,XXXX45383583,ITAU_BANK,XXXX30453078,AXIS_BANK,WEB_BROWSER,NONE,EDUCATION,False,NORMAL,,SYNTHETIC_TEST_DATA,RTP-FULL-SYNTH-v1.0,True
e38b825a-9fe2-42f0-9478-728a7c6f4271,VUKMGZ2L6E4RGHJY72QQDD,BATCH_20250320_30,GhIPSS,GhIPSS,GH,USD,P2P,53.06,0.0,53.06,COMPLETED,,2025-03-20T06:43:06,2025-03-20T06:43:13.426000,7426,XXXX36140424,DEUTSCHE_BANK,XXXX62531954,ICICI_BANK,USSD,NONE,,False,NORMAL,,SYNTHETIC_TEST_DATA,RTP-FULL-SYNTH-v1.0,True
cc600086-f7c3-4889-ba68-e7225b6f9c45,G0SPR4ZWP6H7DLMHSJQCU757,BATCH_20250328_89,PayNow,ABS,SG,SGD,P2B,21934.09,41.44,21892.65,TIMED_OUT,INVALID_ACCOUNT_NUMBER,2025-03-28T10:49:43,,29816,XXXX63655625,COMMBANK,XXXX54227587,BRADESCO,POS_TERMINAL,MPIN,FOOD_BEVERAGE,False,NORMAL,,SYNTHETIC_TEST_DATA,RTP-FULL-SYNTH-v1.0,True
e3cbdf5b-6b22-4cd0-ba59-1378fc67e411,Q76XLX7RD7CNTQ9DKMLT,BATCH_20250316_07,NIP,NIBSS,NG,NGN,P2G,616.14,0.0,616.14,FAILED,DAILY_LIMIT_EXCEEDED,2025-03-16T14:25:24,,4832,XXXX80245317,FNB_ZA,XXXX22993743,FIRST_BANK_NG,POS_TERMINAL,MPIN,UTILITIES,False,NORMAL,,SYNTHETIC_TEST_DATA,RTP-FULL-SYNTH-v1.0,True
3a91cba3-44be-4e2d-b365-55db5b516460,M6XYTXCD3FU4NRLJ8S,BATCH_20250416_85,UPI,NPCI,IN,INR,B2B,18558.31,11.68,18546.63,FAILED,INVALID_ACCOUNT_NUMBER,2025-04-16T07:37:05,,1260,XXXX86169450,HDFC_BANK,XXXX19602441,DEUTSCHE_BANK,MOBILE_APP,BIOMETRIC,,False,NORMAL,,SYNTHETIC_TEST_DATA,RTP-FULL-SYNTH-v1.0,True
4c3535fc-8452-423e-89a4-3ddd72f2dc37,YJJ5U02H5LZYV3KC7,BATCH_20250308_42,GhIPSS,GhIPSS,GH,USD,P2P,116.21,0.0,116.21,COMPLETED,,2025-03-08T15:34:10,2025-03-08T15:34:15.660000,5660,XXXX76443538,STATE_BANK,XXXX67269663,JP_MORGAN,WEB_BROWSER,OTP,,False,NORMAL,,SYNTHETIC_TEST_DATA,RTP-FULL-SYNTH-v1.0,True
2595b67d-683e-49ee-a787-78874c6c5b26,4023AS53UMQM69AX,BATCH_20250328_39,PromptPay,NITMX,TH,THB,P2P,3234.22,4.5,3229.72,COMPLETED,,2025-03-28T13:45:41,2025-03-28T13:45:45.737000,4737,XXXX79508970,MAYBANK,XXXX83139232,BANAMEX,USSD,BIOMETRIC,,False,NORMAL,,SYNTHETIC_TEST_DATA,RTP-FULL-SYNTH-v1.0,True
56a4b3e4-139b-489c-b64a-658b1ce42822,73HMN9DC4GVJPHDTMA,BATCH_20250405_12,NPP,NPPA,AU,AUD,P2B,36058.74,21.31,36037.43,FAILED,INVALID_VPA,2025-04-05T01:29:52,,3348,XXXX05183390,BANAMEX,XXXX31202948,FNB_ZA,API_DIRECT,OTP,,False,NORMAL,,SYNTHETIC_TEST_DATA,RTP-FULL-SYNTH-v1.0,True
bec5b96a-1d36-437d-a288-a62a050e26dd,KDTMX4LAGDKEJSX0F4P,BATCH_20250402_49,M-PESA,Safaricom,KE,USD,P2B,191.94,0.0,191.94,FAILED,BANK_OFFLINE,2025-04-02T00:41:45,,4977,XXXX50559160,LLOYDS,XXXX18520663,DBS_BANK,ATM,BIOMETRIC,GOVERNMENT_FEE,False,AFTER_HOURS_LEGACY_BANK,Initiated at 03:00 local — legacy bank offline window,SYNTHETIC_TEST_DATA,RTP-FULL-SYNTH-v1.0,True
ed15e4cf-0942-432b-af5b-c1363eb0ceb0,STDQL3YM49GEAYMX,BATCH_20250321_34,InstaPay,BancNet,PH,USD,P2G,677.0,0.0,677.0,TIMED_OUT,INVALID_ACCOUNT_NUMBER,2025-03-21T21:54:00,,29261,XXXX27391155,KASIKORN,XXXX61262459,COMMBANK,ATM,NONE,UTILITIES,False,NORMAL,,SYNTHETIC_TEST_DATA,RTP-FULL-SYNTH-v1.0,True
3035301b-2316-4093-b468-56fabc251ae1,6RQT6B5YPD5ZV5WG80E40T5P,BATCH_20250325_34,SEPA Instant (DE),Bundesbank,DE,USD,B2B,57185.4,0.0,57185.4,FAILED,DAILY_LIMIT_EXCEEDED,2025-03-25T09:52:27,,1444,XXXX38041078,DBS_BANK,XXXX27204814,BRI,USSD,MPIN,RETAIL,False,NORMAL,,SYNTHETIC_TEST_DATA,RTP-FULL-SYNTH-v1.0,True
bd861b5d-5d93-46c7-8573-d6745fc5a092,DHY5YMWFZCM6UAD4W17CMY,BATCH_20250411_69,FAST KH,NBC,KH,USD,P2B,160.67,0.0,160.67,COMPLETED,,2025-04-11T00:22:16,2025-04-11T00:22:25.464000,9464,XXXX97370902,ICICI_BANK,XXXX34949950,KASIKORN,WEB_BROWSER,MPIN,FOOD_BEVERAGE,False,NORMAL,,SYNTHETIC_TEST_DATA,RTP-FULL-SYNTH-v1.0,True
04a96da3-83c3-41ad-9baa-268dde5d53cb,YYWE4ADF35BW4F4R3PKTNHQ,BATCH_20250429_42,Transferencias 3.0,BCRA,AR,USD,P2B,117.97,0.0,117.97,REVERSED,INVALID_VPA,2025-04-29T16:36:06,,8311,XXXX31553105,BRI,XXXX04573271,HDFC_BANK,ATM,HARDWARE_TOKEN,HEALTHCARE,False,NORMAL,,SYNTHETIC_TEST_DATA,RTP-FULL-SYNTH-v1.0,True
70b00296-a23e-40a8-a076-591eaf26be4c,Q3HNWLJKNNJ6CFJUM5FU,BATCH_20250319_79,UPI,NPCI,IN,INR,P2B,4260.49,7.92,4252.57,COMPLETED,,2025-03-19T14:46:52,2025-03-19T14:46:53.738000,1738,XXXX85997655,BANAMEX,XXXX05755528,BNP_PARIBAS,USSD,HARDWARE_TOKEN,EDUCATION,False,NORMAL,,SYNTHETIC_TEST_DATA,RTP-FULL-SYNTH-v1.0,True
9481f4fe-8fbd-411d-b539-5f470d9547a6,0KLJMEQF4W8J4Q2A9JE,BATCH_20250528_59,RTR,Payments Canada,CA,USD,P2P,301.11,0.0,301.11,COMPLETED,,2025-05-28T15:34:27,2025-05-28T15:34:36.287000,9287,XXXX18000869,ICICI_BANK,XXXX63247750,HDFC_BANK,MOBILE_APP,OTP,,False,NORMAL,,SYNTHETIC_TEST_DATA,RTP-FULL-SYNTH-v1.0,True
e165ba97-94f5-4594-82a3-0d1e0cbe2169,8EH7A9ZK4NA4MFAF3GQ,BATCH_20250503_36,Swish,Bankgirot,SE,USD,P2P,1091.61,1.39,1090.22,REVERSED,FRAUD_HOLD,2025-05-03T08:37:23,,6036,XXXX17977784,BANAMEX,XXXX30681537,DEUTSCHE_BANK,API_DIRECT,OTP,,False,NORMAL,,SYNTHETIC_TEST_DATA,RTP-FULL-SYNTH-v1.0,True
c564718a-ab21-4533-88fe-4537857d1f59,LFF4M4NSYRD0CUQTS,BATCH_20250413_33,TEF,Banco Central Chile,CL,USD,P2B,0.0,4.08,-4.08,FAILED,INVALID_AMOUNT,2025-04-13T21:48:57,,4557,XXXX75477967,DEUTSCHE_BANK,XXXX90751048,ITAU_BANK,WEB_BROWSER,MPIN,EDUCATION,False,ZERO_AMOUNT,Zero-value transaction attempt — should always FAIL,SYNTHETIC_TEST_DATA,RTP-FULL-SYNTH-v1.0,True
1a4c41e4-24e5-4f84-a18d-3f863b0b8283,J1GG865KBTVWPFYB8T9HQU,BATCH_20250408_73,EthSwitch,EthSwitch,ET,USD,P2B,230.99,0.0,230.99,COMPLETED,,2025-04-08T09:21:31,2025-04-08T09:21:37.079000,6079,XXXX71979415,ITAU_BANK,XXXX19468541,BARCLAYS,USSD,MPIN,EDUCATION,False,NORMAL,,SYNTHETIC_TEST_DATA,RTP-FULL-SYNTH-v1.0,True
eac26144-7c56-4774-8a09-a55c79658369,HZ3GQLAZJ0GWGU38JS31G0Z,BATCH_20250327_58,M-PESA,Safaricom,KE,USD,P2P,776.95,0.0,776.95,REVERSED,INSUFFICIENT_FUNDS,2025-03-27T12:12:43,,1340,XXXX11873117,DBS_BANK,XXXX63903883,BRI,POS_TERMINAL,NONE,,False,NORMAL,,SYNTHETIC_TEST_DATA,RTP-FULL-SYNTH-v1.0,True
63ee95bc-fb93-4ccc-bba0-d7f42bba2bc7,R6M5D7YVBJFVAUMS9,BATCH_20250303_85,Pix,BCB,BR,BRL,P2G,1754.78,1.39,1753.39,COMPLETED,,2025-03-03T07:22:40,2025-03-03T07:22:43.223000,3223,XXXX82505398,HDFC_BANK,XXXX17313319,ITAU_BANK,POS_TERMINAL,OTP,,False,NORMAL,,SYNTHETIC_TEST_DATA,RTP-FULL-SYNTH-v1.0,True
0b6feb5c-75bd-433b-931a-d0a7bd24af4e,9ZMQQWP464UQ4KUPYHVDAQ,BATCH_20250517_74,Oasis,FTCI,KR,USD,P2P,1272.42,1.41,1271.01,TIMED_OUT,SYSTEM_TIMEOUT,2025-05-17T17:56:23,,33384,XXXX03218167,FNB_ZA,XXXX49541685,BRADESCO,MOBILE_APP,NONE,,False,NORMAL,,SYNTHETIC_TEST_DATA,RTP-FULL-SYNTH-v1.0,True
6bd149da-ddb3-4dbe-9453-326494ef4cb9,C5SNPG88BZV2C4TYTCFQAN,BATCH_20250323_31,Faster Payments,Pay.UK,GB,GBP,P2P,249.04,0.0,249.04,COMPLETED,,2025-03-23T00:38:31,2025-03-23T00:38:35.144000,4144,XXXX42905719,FIRST_BANK_NG,XXXX45688968,BRI,ATM,NONE,,False,NORMAL,,SYNTHETIC_TEST_DATA,RTP-FULL-SYNTH-v1.0,True
9bde48ac-7b1a-499c-ae83-983efda76a17,QQK1LDSP9EZZ4NMMLBLL,BATCH_20250406_54,Faster Payments,Pay.UK,GB,GBP,P2G,29613.5,0.0,29613.5,REVERSED,FRAUD_HOLD,2025-04-06T19:20:54,,3879,XXXX53296175,BNP_PARIBAS,XXXX15032737,STATE_BANK,API_DIRECT,MPIN,GOVERNMENT_FEE,False,NORMAL,,SYNTHETIC_TEST_DATA,RTP-FULL-SYNTH-v1.0,True
1af77da6-7077-4dc8-bc7c-0f5f416cbf1b,0KQNF5DHXVL90Y22C8VSAVT9,BATCH_20250520_41,Aani,Al Etihad Payments,AE,USD,P2P,3779.84,0.0,3779.84,COMPLETED,,2025-05-20T09:36:50,2025-05-20T09:36:55.762000,5762,XXXX85837421,DBS_BANK,XXXX09059555,PKO_BP,POS_TERMINAL,OTP,,False,NORMAL,,SYNTHETIC_TEST_DATA,RTP-FULL-SYNTH-v1.0,True
fde33f91-d6d9-47e8-808f-474fabae094c,CN2SMGSVRATC5CLFLU1S,BATCH_20250304_71,Aani,Al Etihad Payments,AE,USD,P2P,2891.74,1.12,2890.62,COMPLETED,,2025-03-04T20:16:42,2025-03-04T20:16:49.949000,7949,XXXX57024850,DBS_BANK,XXXX81177355,KASIKORN,API_DIRECT,BIOMETRIC,,False,NORMAL,,SYNTHETIC_TEST_DATA,RTP-FULL-SYNTH-v1.0,True
8e496990-c6b2-42c3-99da-17cda29597f1,Z8L91QVDY878C6A5CWZJ95VD,BATCH_20250303_89,PayNow,ABS,SG,SGD,P2P,4324.0,0.0,4324.0,PENDING,,2025-03-03T00:20:43,,,XXXX73462642,JP_MORGAN,XXXX47876981,MAYBANK,API_DIRECT,MPIN,,True,NORMAL,,SYNTHETIC_TEST_DATA,RTP-FULL-SYNTH-v1.0,True
1e005a66-4d52-4208-aff5-06afb576ee3c,W8ZH0XSNZZU3GFKWB,BATCH_20250424_61,Express Elixir,KIR,PL,PLN,P2G,1747.46,2.91,1744.55,COMPLETED,,2025-04-24T14:35:38,2025-04-24T14:35:41.735000,3735,XXXX16148690,JP_MORGAN,XXXX07074166,COMMBANK,MOBILE_APP,NONE,HEALTHCARE,False,NORMAL,,SYNTHETIC_TEST_DATA,RTP-FULL-SYNTH-v1.0,True
37d8892b-05d1-46f8-a904-1a57f8bb1dc0,VDRTLN4YWMG32NS5UQMJ34X,BATCH_20250505_47,Faster Payments,Pay.UK,GB,GBP,P2B,18972.2,24.73,18947.47,COMPLETED,,2025-05-05T21:56:11,2025-05-05T21:56:12.477000,1477,XXXX21763893,HDFC_BANK,XXXX34384042,FNB_ZA,POS_TERMINAL,NONE,,False,NORMAL,,SYNTHETIC_TEST_DATA,RTP-FULL-SYNTH-v1.0,True
2e5a315a-1ba6-4012-a5b1-ebafb4d5d98a,GA35AFLFWU77Z4P2HP0P28MS,BATCH_20250321_47,RwandaRapide,NBR,RW,USD,P2P,171.1,0.0,171.1,COMPLETED,,2025-03-21T05:53:10,2025-03-21T05:53:13.128000,3128,XXXX86869166,MAYBANK,XXXX79707659,KASIKORN,USSD,NONE,,False,NORMAL,,SYNTHETIC_TEST_DATA,RTP-FULL-SYNTH-v1.0,True
3d574add-68c6-4587-be86-809620aa13b6,WQKCRK5ZE1YYCSJYA0,BATCH_20250410_82,TEF,Banco Central Chile,CL,USD,B2B,8500.0,2.16,8497.84,TIMED_OUT,BENEFICIARY_NOT_FOUND,2025-04-10T03:37:57,,33442,XXXX98258857,MAYBANK,XXXX57990716,JP_MORGAN,MOBILE_APP,HARDWARE_TOKEN,FOOD_BEVERAGE,False,NORMAL,,SYNTHETIC_TEST_DATA,RTP-FULL-SYNTH-v1.0,True
2d140f00-2f42-4662-b894-2c9c52589b1d,3EE4BEDMEL9H40FJ4ZSJS65T,BATCH_20250430_39,FAST KH,NBC,KH,USD,P2P,116.11,0.0,116.11,TIMED_OUT,BANK_OFFLINE,2025-04-30T21:35:27,,32325,XXXX89893415,BRI,XXXX43371548,STATE_BANK,MOBILE_APP,NONE,,False,NORMAL,,SYNTHETIC_TEST_DATA,RTP-FULL-SYNTH-v1.0,True
12c68af9-2658-4e31-be8a-d83447598f62,GUZY518BDCM2L9BN6C,BATCH_20250306_29,Pix,BCB,BR,BRL,P2P,2777.81,0.0,2777.81,FAILED,BANK_OFFLINE,2025-03-06T21:06:48,,1594,XXXX20282085,LLOYDS,XXXX38923438,DEUTSCHE_BANK,USSD,OTP,,False,NORMAL,,SYNTHETIC_TEST_DATA,RTP-FULL-SYNTH-v1.0,True
cfb054c2-6ec1-4c44-ac34-cc48d100c85c,V8J77T8P3ELBEH6VY,BATCH_20250515_15,RTR,Payments Canada,CA,USD,G2P,1055.44,0.0,1055.44,COMPLETED,,2025-05-15T22:59:53,2025-05-15T22:59:53.384000,384,XXXX96200347,JP_MORGAN,XXXX56079747,DEUTSCHE_BANK,ATM,NONE,TRANSPORT,False,NORMAL,,SYNTHETIC_TEST_DATA,RTP-FULL-SYNTH-v1.0,True
ddcc83e2-0bff-4e3e-b755-55bac3b17de0,EWQYW0TCBGLRYKHEKAA,BATCH_20250520_67,SEPA Instant,EPC,EU,EUR,P2B,10847.6,13.52,10834.08,TIMED_OUT,ACCOUNT_FROZEN,2025-05-20T05:51:10,,33628,XXXX84095634,MAYBANK,XXXX40519701,BRI,USSD,MPIN,UTILITIES,False,NORMAL,,SYNTHETIC_TEST_DATA,RTP-FULL-SYNTH-v1.0,True
e8d7a2c7-4562-4e3b-ac78-1f623c296d68,ZZVQGRES8J36QG2LL60,BATCH_20250411_74,Zengin,JBA,JP,USD,B2B,28144.78,0.0,28144.78,FAILED,BENEFICIARY_NOT_FOUND,2025-04-11T16:09:58,,493,XXXX56279871,STATE_BANK,XXXX89048803,BARCLAYS,API_DIRECT,OTP,UTILITIES,False,NORMAL,,SYNTHETIC_TEST_DATA,RTP-FULL-SYNTH-v1.0,True
ee0cfcf2-8ec4-4314-a633-3e380c8a5030,38NGTZCRJT6QD1SH,BATCH_20250430_16,Bizum,AEB,ES,USD,P2P,371.1,0.0,371.1,PENDING,,2025-04-30T13:45:41,,,XXXX70689115,BANAMEX,XXXX13265732,BARCLAYS,POS_TERMINAL,NONE,,False,NORMAL,,SYNTHETIC_TEST_DATA,RTP-FULL-SYNTH-v1.0,True
4f5f4a31-33b6-4808-b0cb-662fb1ec43a4,PHLLECN4UFZP47CC7A,BATCH_20250524_68,NPP,NPPA,AU,AUD,P2P,2298.01,0.0,2298.01,COMPLETED,,2025-05-24T06:56:15,2025-05-24T06:56:20.786000,5786,XXXX16118114,BRADESCO,XXXX08596332,AXIS_BANK,POS_TERMINAL,MPIN,,False,SAME_SENDER_RECEIVER,Sender and receiver identifiers are identical,SYNTHETIC_TEST_DATA,RTP-FULL-SYNTH-v1.0,True
4b95601c-fc8b-4e3f-bd87-1e2b527eb29b,129BSJXT3GGD7N9749Z,BATCH_20250309_86,SPEI,Banxico,MX,MXN,P2B,2260.91,0.0,2260.91,COMPLETED,,2025-03-09T06:28:21,2025-03-09T06:28:24.533000,3533,XXXX10970148,STATE_BANK,XXXX24370137,FIRST_BANK_NG,ATM,HARDWARE_TOKEN,,False,NORMAL,,SYNTHETIC_TEST_DATA,RTP-FULL-SYNTH-v1.0,True
d846c4fb-a3e6-4b89-b3e3-cfacad0fbdc0,VTVQNFFUT26C79GAU,BATCH_20250512_55,SARIE,Saudi Payments,SA,USD,B2B,7947.53,0.0,7947.53,COMPLETED,,2025-05-12T02:36:25,2025-05-12T02:36:30.202000,5202,XXXX02114567,BNP_PARIBAS,XXXX28652094,ICICI_BANK,API_DIRECT,MPIN,UTILITIES,False,NORMAL,,SYNTHETIC_TEST_DATA,RTP-FULL-SYNTH-v1.0,True
b2f2ed43-5b00-4442-8c2c-6f748c187eac,1DF02JEVU451UJJ5KJYTD,BATCH_20250501_16,PayShap,BankservAfrica,ZA,ZAR,P2G,506.72,0.0,506.72,COMPLETED,,2025-05-01T12:20:17,2025-05-01T12:20:17.723000,723,XXXX55853113,DEUTSCHE_BANK,XXXX98970491,FIRST_BANK_NG,MOBILE_APP,MPIN,EDUCATION,False,NORMAL,,SYNTHETIC_TEST_DATA,RTP-FULL-SYNTH-v1.0,True
20cfc93a-9992-4d1d-8114-b093c49ea957,UMEFGEWL627QLCNCTSBTUN,BATCH_20250413_20,Express Elixir,KIR,PL,PLN,P2P,3232.94,0.0,3232.94,COMPLETED,,2025-04-13T12:49:23,2025-04-13T12:49:25.535000,2535,XXXX85652225,FIRST_BANK_NG,XXXX60195237,BANAMEX,MOBILE_APP,MPIN,,False,NORMAL,,SYNTHETIC_TEST_DATA,RTP-FULL-SYNTH-v1.0,True
e192b45d-11c9-4cc7-bb4c-583ecd5badfa,ZU3QGQ65JE4UBGRCEC6NP,BATCH_20250523_51,NAPAS 247,NAPAS,VN,USD,P2P,1158.95,0.0,1158.95,COMPLETED,,2025-05-23T06:55:00,2025-05-23T06:55:05.812000,5812,XXXX21596868,DEUTSCHE_BANK,XXXX17821244,AXIS_BANK,POS_TERMINAL,BIOMETRIC,,False,NORMAL,,SYNTHETIC_TEST_DATA,RTP-FULL-SYNTH-v1.0,True
b7ef77fb-c4e7-4ed8-8307-c3fce82f81fa,GYPZ8Q2ESCRLTNEM4JHEWM,BATCH_20250309_31,TEF,Banco Central Chile,CL,USD,P2P,3959.57,4.16,3955.41,COMPLETED,,2025-03-09T13:04:13,2025-03-09T13:04:16.741000,3741,XXXX70088155,BARCLAYS,XXXX42951126,ICICI_BANK,POS_TERMINAL,MPIN,,False,NORMAL,,SYNTHETIC_TEST_DATA,RTP-FULL-SYNTH-v1.0,True
ee968ea7-738f-40d0-ab07-b125109878ff,VJAB96WZDXUNT8WCYA5Y400X,BATCH_20250310_39,InstaPay,BancNet,PH,USD,P2P,194.28,0.0,194.28,FAILED,SYSTEM_TIMEOUT,2025-03-10T13:31:56,,3254,XXXX11625488,HDFC_BANK,XXXX54874752,DBS_BANK,USSD,BIOMETRIC,,False,NORMAL,,SYNTHETIC_TEST_DATA,RTP-FULL-SYNTH-v1.0,True
c8d769e7-8c99-45fe-a523-a7c6dd7589da,1T7VTJ5Q94HXHCHXGYJ,BATCH_20250519_60,FAST,BKM,TR,USD,B2B,8193.56,0.0,8193.56,COMPLETED,,2025-05-19T23:34:37,2025-05-19T23:34:37.749000,749,XXXX37379844,FNB_ZA,XXXX58492788,PKO_BP,WEB_BROWSER,NONE,UTILITIES,False,NORMAL,,SYNTHETIC_TEST_DATA,RTP-FULL-SYNTH-v1.0,True
7188fb5d-0625-4473-9587-4f817f5b3ee4,AF04PDVP40L62ZDY1UY2G8,BATCH_20250404_91,RwandaRapide,NBR,RW,USD,P2P,391.52,0.0,391.52,FAILED,FRAUD_HOLD,2025-04-04T00:46:09,,3781,XXXX19287016,FIRST_BANK_NG,XXXX00420959,FNB_ZA,WEB_BROWSER,BIOMETRIC,,False,NORMAL,,SYNTHETIC_TEST_DATA,RTP-FULL-SYNTH-v1.0,True
e705b4f4-d3d6-46c3-97dd-70a2f7088321,P3LXF06D9HQGH9VASTN,BATCH_20250501_59,TEF,Banco Central Chile,CL,USD,P2B,1936.97,0.0,1936.97,REVERSED,BANK_OFFLINE,2025-05-01T17:29:11,,9781,XXXX89224755,BNP_PARIBAS,XXXX87384521,LLOYDS,API_DIRECT,BIOMETRIC,RETAIL,False,NORMAL,,SYNTHETIC_TEST_DATA,RTP-FULL-SYNTH-v1.0,True
1acf9b2e-d572-4911-be3a-743769e51eb4,2MBE4VNYHFNNJGAMKCF,BATCH_20250322_89,SBP,NSPK,RU,USD,P2P,2395.59,2.46,2393.13,PENDING,,2025-03-22T06:44:56,,,XXXX08688442,FIRST_BANK_NG,XXXX53287793,BRADESCO,MOBILE_APP,BIOMETRIC,,False,NORMAL,,SYNTHETIC_TEST_DATA,RTP-FULL-SYNTH-v1.0,True
68f080e5-89ff-4fdb-b4cd-25a0c6b956f0,AQSAJ656ZJCQWQJMHZ,BATCH_20250409_39,NAPAS 247,NAPAS,VN,USD,P2P,3385.68,0.0,3385.68,COMPLETED,,2025-04-09T04:57:22,2025-04-09T04:57:23.870000,1870,XXXX15338219,ITAU_BANK,XXXX88043093,BARCLAYS,ATM,BIOMETRIC,,False,NORMAL,,SYNTHETIC_TEST_DATA,RTP-FULL-SYNTH-v1.0,True
fa37e370-b707-4903-b55a-33ddb513b345,UNCQTVXG4H6DHWDTXYAKRM4,BATCH_20250421_03,RTR,Payments Canada,CA,USD,P2P,1823.67,0.0,1823.67,PENDING,,2025-04-21T13:39:22,,,XXXX38626124,FIRST_BANK_NG,XXXX36236687,STATE_BANK,ATM,MPIN,,False,NORMAL,,SYNTHETIC_TEST_DATA,RTP-FULL-SYNTH-v1.0,True
6034ca0b-896c-449b-82a0-5f85dc6bff59,7LU0C3AFCDYZD4KJBQG9U2,BATCH_20250501_55,SPEI,Banxico,MX,MXN,P2B,2955.15,0.0,2955.15,PENDING,,2025-05-01T11:55:36,,,XXXX23115689,JP_MORGAN,XXXX10789193,COMMBANK,USSD,HARDWARE_TOKEN,FOOD_BEVERAGE,False,NORMAL,,SYNTHETIC_TEST_DATA,RTP-FULL-SYNTH-v1.0,True
924dcb8e-b3e2-4485-9f20-8745341864ed,8ADJMRUXV8V5D6KP1NKDG23L,BATCH_20250321_31,PayShap,BankservAfrica,ZA,ZAR,P2B,327.17,0.0,327.17,REVERSED,BENEFICIARY_NOT_FOUND,2025-03-21T14:03:17,,5421,XXXX38987528,BANAMEX,XXXX70114302,AXIS_BANK,API_DIRECT,HARDWARE_TOKEN,,False,NORMAL,,SYNTHETIC_TEST_DATA,RTP-FULL-SYNTH-v1.0,True
d5be8e41-381c-41e3-a54b-7bbfb86c1957,54F3ZZ252XLJAJS5CBW448ZE,BATCH_20250528_37,InstaPay,BancNet,PH,USD,P2P,409.27,0.0,409.27,FAILED,INVALID_ACCOUNT_NUMBER,2025-05-28T21:03:10,,2128,XXXX54099663,AXIS_BANK,XXXX39138225,FNB_ZA,MOBILE_APP,NONE,,False,NORMAL,,SYNTHETIC_TEST_DATA,RTP-FULL-SYNTH-v1.0,True
f70a35b1-d918-4519-a561-1f7b372eb99f,L69U69BAYDRTL8G59L6GDXA0,BATCH_20250527_40,RwandaRapide,NBR,RW,USD,B2B,7850.87,0.0,7850.87,TIMED_OUT,INSUFFICIENT_FUNDS,2025-05-27T22:17:46,,34156,XXXX93382489,DEUTSCHE_BANK,XXXX87492235,BRADESCO,MOBILE_APP,HARDWARE_TOKEN,FOOD_BEVERAGE,False,NORMAL,,SYNTHETIC_TEST_DATA,RTP-FULL-SYNTH-v1.0,True
5b9e8da8-9fc8-4825-bf3e-149a097c14f7,KAYBPDQ7UN3M27T3TPV62E,BATCH_20250506_04,FedNow,Federal Reserve,US,USD,P2P,1717.8,1.38,1716.42,COMPLETED,,2025-05-06T03:07:00,2025-05-06T03:07:02.629000,2629,XXXX08451673,AXIS_BANK,XXXX87578728,BRI,MOBILE_APP,HARDWARE_TOKEN,,False,NORMAL,,SYNTHETIC_TEST_DATA,RTP-FULL-SYNTH-v1.0,True
805eefea-bff7-485b-841f-feefb0b4c52c,EHSQB8GF0D7H1E36KX,BATCH_20250529_11,bKash,bKash Ltd,BD,USD,P2B,176.74,0.0,176.74,COMPLETED,,2025-05-29T05:55:45,2025-05-29T05:55:53.232000,8232,XXXX05469409,BNP_PARIBAS,XXXX11863932,KASIKORN,WEB_BROWSER,BIOMETRIC,GOVERNMENT_FEE,False,NORMAL,,SYNTHETIC_TEST_DATA,RTP-FULL-SYNTH-v1.0,True
39fcece4-f15b-44a0-9495-d6902691f989,QY3BKXS3CCRFLH49BY,BATCH_20250513_24,Faster Payments,Pay.UK,GB,GBP,B2B,98423.72,48.11,98375.61,FAILED,SYSTEM_TIMEOUT,2025-05-13T17:35:06,,1641,XXXX54196997,ICICI_BANK,XXXX31995563,STATE_BANK,POS_TERMINAL,MPIN,UTILITIES,False,NORMAL,,SYNTHETIC_TEST_DATA,RTP-FULL-SYNTH-v1.0,True
7bc3f6aa-3822-4db4-84fd-057b5648a831,U71B1NXAASGKHZYDWLYZH8D,BATCH_20250328_29,SEPA Instant (DE),Bundesbank,DE,USD,P2B,2450.05,1.08,2448.97,PENDING,,2025-03-28T15:51:57,,,XXXX85360206,LLOYDS,XXXX69401781,KASIKORN,API_DIRECT,MPIN,UTILITIES,False,NORMAL,,SYNTHETIC_TEST_DATA,RTP-FULL-SYNTH-v1.0,True
7fb2daca-8fa9-4e33-b8c4-fa9c7192c558,YXR2PYB5YWAZG6UC3Y6RZ8R0,BATCH_20250418_06,Virement Instantane,Banque de France,FR,USD,P2P,2612.57,1.72,2610.85,COMPLETED,,2025-04-18T06:20:19,2025-04-18T06:20:25.815000,6815,XXXX92929716,KASIKORN,XXXX05137007,FNB_ZA,USSD,HARDWARE_TOKEN,,False,NORMAL,,SYNTHETIC_TEST_DATA,RTP-FULL-SYNTH-v1.0,True
cecf40d3-c18f-4bb3-8c26-98d7bea7bce0,0LD4EL8RTW8Y53BXHBHF3ZRV,BATCH_20250323_12,InstaPay EG,EBC,EG,USD,P2B,163.69,0.0,163.69,TIMED_OUT,INVALID_VPA,2025-03-23T15:56:50,,29723,XXXX98314367,JP_MORGAN,XXXX14039084,HDFC_BANK,API_DIRECT,HARDWARE_TOKEN,RETAIL,False,NORMAL,,SYNTHETIC_TEST_DATA,RTP-FULL-SYNTH-v1.0,True
6e9d6a81-cf2f-4e1f-b5c2-e5cd31bb0e08,7D05KCNEKC3EFPDVK20UNF,BATCH_20250328_60,PayShap,BankservAfrica,ZA,ZAR,P2B,530.61,0.0,530.61,COMPLETED,,2025-03-28T01:22:00,2025-03-28T01:22:07.597000,7597,XXXX54121153,DBS_BANK,XXXX62866393,DBS_BANK,API_DIRECT,HARDWARE_TOKEN,EDUCATION,False,NORMAL,,SYNTHETIC_TEST_DATA,RTP-FULL-SYNTH-v1.0,True
d56dec87-cda2-422c-a3fa-3dbe2836cac1,ZK4373MZ6YCHZFP93A4A,BATCH_20250311_86,Zengin,JBA,JP,USD,P2P,2239.73,2.92,2236.81,COMPLETED,,2025-03-11T05:38:51,2025-03-11T05:38:54.660000,3660,XXXX90606697,BNP_PARIBAS,XXXX40012376,JP_MORGAN,USSD,HARDWARE_TOKEN,,False,NORMAL,,SYNTHETIC_TEST_DATA,RTP-FULL-SYNTH-v1.0,True
15ffc13c-6727-4397-915c-d248d544f023,J2JFJJUG77MXEWFYPX761,BATCH_20250305_87,SEPA Instant (DE),Bundesbank,DE,USD,P2P,2062.75,0.0,2062.75,COMPLETED,,2025-03-05T06:08:17,2025-03-05T06:08:18.343000,1343,XXXX26962696,JP_MORGAN,XXXX08716329,DEUTSCHE_BANK,MOBILE_APP,OTP,,False,NORMAL,,SYNTHETIC_TEST_DATA,RTP-FULL-SYNTH-v1.0,True
72c6c4fb-63bb-4f66-bd87-9c05fc141d0c,0NFR657CVSM8F8NU3,BATCH_20250513_92,FAST,BKM,TR,USD,P2B,309.45,0.0,309.45,COMPLETED,,2025-05-13T03:42:14,2025-05-13T03:42:22.091000,8091,XXXX82214179,DBS_BANK,XXXX21518083,COMMBANK,MOBILE_APP,BIOMETRIC,FOOD_BEVERAGE,False,NORMAL,,SYNTHETIC_TEST_DATA,RTP-FULL-SYNTH-v1.0,True
51e072fc-2830-4bb7-8825-704cbc4f1294,1AN1RU4G0ZQJ2LLDDVG5FX,BATCH_20250521_38,Raast,SBP,PK,PKR,P2P,324.7,0.0,324.7,TIMED_OUT,INSUFFICIENT_FUNDS,2025-05-21T06:19:17,,31932,XXXX27165615,MAYBANK,XXXX14353247,PKO_BP,API_DIRECT,BIOMETRIC,,False,NORMAL,,SYNTHETIC_TEST_DATA,RTP-FULL-SYNTH-v1.0,True
64d69f7d-df3f-4dc5-aee0-23899995628a,KMZE3QH1RMAV5EJPXEG5YBC,BATCH_20250424_05,bKash,bKash Ltd,BD,USD,B2B,9450.38,16.71,9433.67,TIMED_OUT,BANK_OFFLINE,2025-04-24T02:11:33,,32082,XXXX54538369,DBS_BANK,XXXX20282602,BRADESCO,POS_TERMINAL,HARDWARE_TOKEN,RETAIL,False,NORMAL,,SYNTHETIC_TEST_DATA,RTP-FULL-SYNTH-v1.0,True
1917a7e7-62d3-4e77-8a52-e6da14a4bf57,9U38DCH73G6ZYHTCHWY7A,BATCH_20250515_43,Raast,SBP,PK,PKR,P2B,2159.66,0.0,2159.66,COMPLETED,,2025-05-15T13:55:08,2025-05-15T13:55:15.914000,7914,XXXX97411527,DBS_BANK,XXXX53039293,BRI,WEB_BROWSER,OTP,TRANSPORT,False,NORMAL,,SYNTHETIC_TEST_DATA,RTP-FULL-SYNTH-v1.0,True
bbd075e5-e7d3-43ee-9246-a4b7f2a26173,2U4EYXHS6LQ4SHP2P2X3,BATCH_20250519_99,PayShap,BankservAfrica,ZA,ZAR,P2P,286.9,0.0,286.9,COMPLETED,,2025-05-19T21:37:45,2025-05-19T21:37:52.464000,7464,XXXX15379595,LLOYDS,XXXX41755606,DEUTSCHE_BANK,USSD,OTP,,False,NORMAL,,SYNTHETIC_TEST_DATA,RTP-FULL-SYNTH-v1.0,True
b9602986-6180-4626-acfd-cb37c87b7832,0LGSMBNMY918F2WNWWH18V0,BATCH_20250318_52,Transferencias 3.0,BCRA,AR,USD,P2P,249.23,0.0,249.23,PENDING,,2025-03-18T07:31:52,,,XXXX83602874,FIRST_BANK_NG,XXXX62824176,ICICI_BANK,POS_TERMINAL,BIOMETRIC,,False,NORMAL,,SYNTHETIC_TEST_DATA,RTP-FULL-SYNTH-v1.0,True
07140668-d488-4863-adb9-f83a50157fa0,P2T18A010KQC4RHCV1B,BATCH_20250428_25,Swish,Bankgirot,SE,USD,P2B,2746.98,1.9,2745.08,COMPLETED,,2025-04-28T12:25:04,2025-04-28T12:25:09.293000,5293,XXXX35228878,ITAU_BANK,XXXX64996285,HDFC_BANK,WEB_BROWSER,NONE,TRANSPORT,False,NORMAL,,SYNTHETIC_TEST_DATA,RTP-FULL-SYNTH-v1.0,True
a4610e5f-8961-488f-8b62-f1b8b7cd55dd,TXGRJQ1HNBCVQGK0FG,BATCH_20250317_63,PayNow,ABS,SG,SGD,P2B,1333.0,2.48,1330.52,COMPLETED,,2025-03-17T20:36:58,2025-03-17T20:37:04.067000,6067,XXXX13569895,BNP_PARIBAS,XXXX50188703,FNB_ZA,API_DIRECT,HARDWARE_TOKEN,FOOD_BEVERAGE,False,NORMAL,,SYNTHETIC_TEST_DATA,RTP-FULL-SYNTH-v1.0,True
52ced5d7-11ca-4cfb-9955-445b9e4c609b,E2M03689QSGLEKRXWYPW1A,BATCH_20250430_78,SARIE,Saudi Payments,SA,USD,P2P,1580.73,0.0,1580.73,TIMED_OUT,FRAUD_HOLD,2025-04-30T12:31:35,,31388,XXXX24577981,JP_MORGAN,XXXX37608520,BANAMEX,WEB_BROWSER,BIOMETRIC,,False,NORMAL,,SYNTHETIC_TEST_DATA,RTP-FULL-SYNTH-v1.0,True
47e8992b-2de5-4359-98a7-41c09f79bf22,JV4H5EGJYXRWK3XL,BATCH_20250526_08,InstaPay EG,EBC,EG,USD,P2P,401.51,0.0,401.51,COMPLETED,,2025-05-26T20:49:12,2025-05-26T20:49:19.123000,7123,XXXX10249937,BRADESCO,XXXX78159274,ITAU_BANK,API_DIRECT,BIOMETRIC,,False,NORMAL,,SYNTHETIC_TEST_DATA,RTP-FULL-SYNTH-v1.0,True
00cec1bb-43a1-4fdd-b66b-892f448e4a00,LMWEUERXUPL38HUS5FBC,BATCH_20250423_29,FAST,BKM,TR,USD,P2P,1001.21,1.83,999.38,TIMED_OUT,BANK_OFFLINE,2025-04-23T22:24:12,,33063,XXXX75951720,STATE_BANK,XXXX35638992,FNB_ZA,API_DIRECT,HARDWARE_TOKEN,,False,NORMAL,,SYNTHETIC_TEST_DATA,RTP-FULL-SYNTH-v1.0,True
259b8f67-2474-4436-8eb7-04300b4e7d98,Q6JNSPKVJ17L7MXRAV1,BATCH_20250508_18,InstaPay EG,EBC,EG,USD,P2P,478.23,0.0,478.23,TIMED_OUT,INVALID_VPA,2025-05-08T02:37:23,,32412,XXXX00155155,FIRST_BANK_NG,XXXX04677383,PKO_BP,ATM,MPIN,,False,NORMAL,,SYNTHETIC_TEST_DATA,RTP-FULL-SYNTH-v1.0,True
d8a587f7-8eae-4fed-8bdc-77573d050cdb,86ZMZRX132E1YU8CJ,BATCH_20250506_81,RwandaRapide,NBR,RW,USD,P2B,227.56,0.0,227.56,COMPLETED,,2025-05-06T03:44:26,2025-05-06T03:44:26.618000,618,XXXX01478580,BRADESCO,XXXX82675271,MAYBANK,WEB_BROWSER,HARDWARE_TOKEN,GOVERNMENT_FEE,False,NORMAL,,SYNTHETIC_TEST_DATA,RTP-FULL-SYNTH-v1.0,True
8b9a89e8-fe12-4036-8a10-f57e37abba20,PDGFMN0FSWYER15C,BATCH_20250408_84,Bizum,AEB,ES,USD,P2P,196.16,0.0,196.16,COMPLETED,,2025-04-08T22:43:58,2025-04-08T22:44:03.690000,5690,XXXX40206992,STATE_BANK,XXXX30620052,LLOYDS,WEB_BROWSER,OTP,,False,NORMAL,,SYNTHETIC_TEST_DATA,RTP-FULL-SYNTH-v1.0,True
278a7f77-576a-4ee6-b061-753dc134ac64,DS4XFGARDREQ4CWJ5QL3,BATCH_20250311_33,SARIE,Saudi Payments,SA,USD,P2B,5975.95,10.81,5965.14,FAILED,BANK_OFFLINE,2025-03-11T11:40:04,,455,XXXX34361522,DEUTSCHE_BANK,XXXX34382421,BARCLAYS,POS_TERMINAL,NONE,EDUCATION,False,NORMAL,,SYNTHETIC_TEST_DATA,RTP-FULL-SYNTH-v1.0,True
eb16b436-1d63-40e1-a3b8-bc3aa642f9ce,1374QW6W1DC2GQGB,BATCH_20250314_39,Aani,Al Etihad Payments,AE,USD,P2G,18893.85,0.0,18893.85,PENDING,,2025-03-14T19:07:15,,,XXXX75212923,BARCLAYS,XXXX87045142,BNP_PARIBAS,USSD,BIOMETRIC,RETAIL,False,NORMAL,,SYNTHETIC_TEST_DATA,RTP-FULL-SYNTH-v1.0,True
e7c7be04-f65b-46f3-8ed6-5ae26671208f,21DGT08GKAV5M13VD3,BATCH_20250509_48,SEPA Instant (DE),Bundesbank,DE,USD,P2P,1394.23,0.0,1394.23,PENDING,,2025-05-09T01:44:09,,,XXXX25545457,ICICI_BANK,XXXX23048779,DBS_BANK,WEB_BROWSER,MPIN,,False,NORMAL,,SYNTHETIC_TEST_DATA,RTP-FULL-SYNTH-v1.0,True
91caa3fd-a6bb-4b20-bc6d-929f2f4027e9,TB48KT63YPQMMGVLBMF,BATCH_20250520_39,NPP,NPPA,AU,AUD,P2B,21955.09,0.0,21955.09,FAILED,INVALID_VPA,2025-05-20T07:27:36,,3270,XXXX41764300,HDFC_BANK,XXXX43191269,FNB_ZA,API_DIRECT,BIOMETRIC,HEALTHCARE,False,NORMAL,,SYNTHETIC_TEST_DATA,RTP-FULL-SYNTH-v1.0,True
b908b908-6a6f-4221-93d8-69a52035ef70,TZQCG2JAVPKZVN3JKZ4EHM,BATCH_20250428_31,Transfiya,ACH Colombia,CO,USD,P2P,411.37,0.0,411.37,COMPLETED,,2025-04-28T20:20:42,2025-04-28T20:20:46.528000,4528,XXXX35389522,PKO_BP,XXXX00483340,STATE_BANK,POS_TERMINAL,HARDWARE_TOKEN,,False,NORMAL,,SYNTHETIC_TEST_DATA,RTP-FULL-SYNTH-v1.0,True
d468870e-51eb-4b95-b16a-d4447dfe821e,0CZBW0NUYFMZU8KZXLWT11,BATCH_20250526_73,Oasis,FTCI,KR,USD,P2P,3759.56,0.0,3759.56,PENDING,,2025-05-26T22:49:16,,,XXXX89034892,BARCLAYS,XXXX08691413,FIRST_BANK_NG,API_DIRECT,BIOMETRIC,,False,NORMAL,,SYNTHETIC_TEST_DATA,RTP-FULL-SYNTH-v1.0,True
9fce9e04-a629-4423-80b7-58ebf160c857,ZSP40JGQ7BJPGAUGY74,BATCH_20250412_38,InstaPay EG,EBC,EG,USD,P2B,506.1,0.0,506.1,REVERSED,INSUFFICIENT_FUNDS,2025-04-12T19:23:57,,4362,XXXX75868901,LLOYDS,XXXX44094938,FIRST_BANK_NG,POS_TERMINAL,MPIN,RETAIL,False,NORMAL,,SYNTHETIC_TEST_DATA,RTP-FULL-SYNTH-v1.0,True
48ee3225-17fa-4763-af77-ebf78491492e,PZDGZYMBYGQ1X5RRC,BATCH_20250525_62,SBP,NSPK,RU,USD,B2B,8510.37,0.0,8510.37,FAILED,INVALID_ACCOUNT_NUMBER,2025-05-25T09:00:48,,1185,XXXX85304650,BRI,XXXX80502337,BNP_PARIBAS,POS_TERMINAL,MPIN,FOOD_BEVERAGE,False,NORMAL,,SYNTHETIC_TEST_DATA,RTP-FULL-SYNTH-v1.0,True
62e87a5e-e878-446f-896f-d376634e8cfb,W49Q06AWGDLQELHLWN8A,BATCH_20250502_68,InstaPay EG,EBC,EG,USD,B2B,8981.63,7.28,8974.35,REVERSED,INVALID_ACCOUNT_NUMBER,2025-05-02T22:24:11,,9142,XXXX92814950,BNP_PARIBAS,XXXX30460996,STATE_BANK,USSD,NONE,,False,NORMAL,,SYNTHETIC_TEST_DATA,RTP-FULL-SYNTH-v1.0,True
cf1ff46b-9499-4e10-ab36-b315af7763d1,YN76ZMF8H3AU19KKZA5UX8T,BATCH_20250510_98,TEF,Banco Central Chile,CL,USD,P2G,1061.77,0.0,1061.77,REVERSED,BANK_OFFLINE,2025-05-10T05:10:02,,5227,XXXX09885329,FIRST_BANK_NG,XXXX44912272,KASIKORN,USSD,NONE,TRANSPORT,False,NORMAL,,SYNTHETIC_TEST_DATA,RTP-FULL-SYNTH-v1.0,True
928e8ae6-3f49-46de-8a37-54f039d892d3,V03KHZTD5J41Y8XTZ08,BATCH_20250416_34,NPP,NPPA,AU,AUD,P2G,5434.23,8.47,5425.76,COMPLETED,,2025-04-16T17:43:25,2025-04-16T17:43:27.866000,2866,XXXX54048045,FIRST_BANK_NG,XXXX07939514,BRADESCO,API_DIRECT,OTP,FOOD_BEVERAGE,False,NORMAL,,SYNTHETIC_TEST_DATA,RTP-FULL-SYNTH-v1.0,True
ca237553-e63b-459a-9d3d-cba68dfb5b38,SE38YK162UTLSHAKB7RQWEE,BATCH_20250405_82,CIPS/IBPS,PBoC,CN,USD,B2B,22056.36,7.51,22048.85,COMPLETED,,2025-04-05T07:56:32,2025-04-05T07:56:34.214000,2214,XXXX68390045,KASIKORN,XXXX99373653,BARCLAYS,USSD,MPIN,RETAIL,False,NORMAL,,SYNTHETIC_TEST_DATA,RTP-FULL-SYNTH-v1.0,True
09507773-f976-47f4-b7ce-b5985a86a1f7,G0E442PWDV8DGA767F9L1HHZ,BATCH_20250328_34,DuitNow,PayNet,MY,MYR,P2B,19437.62,17.98,19419.64,PENDING,,2025-03-28T04:29:33,,,XXXX92587749,FNB_ZA,XXXX47617039,DBS_BANK,POS_TERMINAL,BIOMETRIC,EDUCATION,False,NORMAL,,SYNTHETIC_TEST_DATA,RTP-FULL-SYNTH-v1.0,True
3a6c54bc-6aeb-40bf-986f-7360aa55098a,UR32SPVZ3F8FZUDVDKBX,BATCH_20250516_37,M-PESA,Safaricom,KE,USD,P2P,945.62,0.0,945.62,REVERSED,FRAUD_HOLD,2025-05-16T11:24:31,,3689,XXXX74990337,JP_MORGAN,XXXX67030634,AXIS_BANK,API_DIRECT,HARDWARE_TOKEN,,False,NORMAL,,SYNTHETIC_TEST_DATA,RTP-FULL-SYNTH-v1.0,True
bd60da23-9bba-4303-8b07-955e13a946dc,1PNYKGHFSEM6DYDWSPKEFTZH,BATCH_20250422_58,Bizum,AEB,ES,USD,P2G,491.85,0.0,491.85,COMPLETED,,2025-04-22T19:10:40,2025-04-22T19:10:45.581000,5581,XXXX55927773,AXIS_BANK,XXXX00685726,JP_MORGAN,ATM,BIOMETRIC,TRANSPORT,False,NORMAL,,SYNTHETIC_TEST_DATA,RTP-FULL-SYNTH-v1.0,True
a2e8d9bf-4b30-4b02-9091-2218b25bd6ef,CHSJ81EY8USR9M08L,BATCH_20250517_40,PayShap,BankservAfrica,ZA,ZAR,P2P,261.23,0.0,261.23,TIMED_OUT,INSUFFICIENT_FUNDS,2025-05-17T16:52:27,,32500,XXXX16964515,BRADESCO,XXXX89277136,BRI,API_DIRECT,MPIN,,False,NORMAL,,SYNTHETIC_TEST_DATA,RTP-FULL-SYNTH-v1.0,True
a5bdbd0c-479d-474c-864d-a139ef835b09,M8BYRU5R1C7X9LE52K4T5Q6W,BATCH_20250330_61,PromptPay,NITMX,TH,THB,P2B,4385.99,0.0,4385.99,REVERSED,BENEFICIARY_NOT_FOUND,2025-03-30T05:31:30,,3340,XXXX98249734,STATE_BANK,XXXX91502981,COMMBANK,MOBILE_APP,OTP,EDUCATION,False,NORMAL,,SYNTHETIC_TEST_DATA,RTP-FULL-SYNTH-v1.0,True
1cdb040d-3421-4d82-9e95-9786186f7cce,KT4SYBUZH124DQ38,BATCH_20250307_22,Transfiya,ACH Colombia,CO,USD,P2B,1298.39,2.3,1296.09,COMPLETED,,2025-03-07T05:40:48,2025-03-07T05:40:50.669000,2669,XXXX74417859,DBS_BANK,XXXX82064712,MAYBANK,ATM,HARDWARE_TOKEN,RETAIL,False,NORMAL,,SYNTHETIC_TEST_DATA,RTP-FULL-SYNTH-v1.0,True
9be4450d-3ae8-4233-a7d4-e1dcdca15eb2,LX1NL3VCJDSBXV2ZWU,BATCH_20250511_69,Raast,SBP,PK,PKR,P2P,1204.27,0.0,1204.27,COMPLETED,,2025-05-11T14:29:56,2025-05-11T14:30:01.397000,5397,XXXX13159964,BRADESCO,XXXX19016026,BARCLAYS,ATM,MPIN,,False,NORMAL,,SYNTHETIC_TEST_DATA,RTP-FULL-SYNTH-v1.0,True
1eb70ecc-59a3-4d10-a29e-19dead600567,TTHRZQRGSZC6U4BVWT,BATCH_20250520_81,FedNow,Federal Reserve,US,USD,P2P,1267.67,0.0,1267.67,COMPLETED,,2025-05-20T02:41:31,2025-05-20T02:41:40.064000,9064,XXXX01759097,STATE_BANK,XXXX90580659,HDFC_BANK,API_DIRECT,HARDWARE_TOKEN,,False,NORMAL,,SYNTHETIC_TEST_DATA,RTP-FULL-SYNTH-v1.0,True
e96f6b95-d767-42f6-9d6f-259ca5a5f71c,2TP71SEJGQWB2968ZJS8,BATCH_20250522_81,M-PESA,Safaricom,KE,USD,B2B,6488.58,11.87,6476.71,COMPLETED,,2025-05-22T03:39:44,2025-05-22T03:39:47.687000,3687,XXXX33638416,BRI,XXXX08142257,ICICI_BANK,ATM,MPIN,,False,NORMAL,,SYNTHETIC_TEST_DATA,RTP-FULL-SYNTH-v1.0,True
c6750779-e4e3-433c-bab1-20ea78cd18a6,NSHUCE0YBWKEC9DZN0,BATCH_20250305_52,TIPS,Bank of Tanzania,TZ,USD,P2B,323.4,0.0,323.4,COMPLETED,,2025-03-05T12:56:53,2025-03-05T12:56:57.127000,4127,XXXX62344592,FNB_ZA,XXXX90760229,AXIS_BANK,API_DIRECT,OTP,UTILITIES,False,NORMAL,,SYNTHETIC_TEST_DATA,RTP-FULL-SYNTH-v1.0,True
f11977ca-130f-4663-8408-9b38cdda247b,2L8TFL5YVEMXGUS92LFAL0BS,BATCH_20250507_19,Vipps,Vipps AS,NO,USD,P2B,19457.91,15.98,19441.93,COMPLETED,,2025-05-07T22:07:17,2025-05-07T22:07:25.817000,8817,XXXX30855469,HDFC_BANK,XXXX44930854,HDFC_BANK,WEB_BROWSER,NONE,GOVERNMENT_FEE,False,NORMAL,,SYNTHETIC_TEST_DATA,RTP-FULL-SYNTH-v1.0,True
851d2bda-43d5-416c-95d2-3398cd09af0f,K795U3S8RCDVLV6BQ,BATCH_20250523_07,Transferencias 3.0,BCRA,AR,USD,P2B,232.65,0.0,232.65,REVERSED,SYSTEM_TIMEOUT,2025-05-23T01:00:53,,754,XXXX41943373,BARCLAYS,XXXX43245850,FIRST_BANK_NG,POS_TERMINAL,NONE,FOOD_BEVERAGE,False,NORMAL,,SYNTHETIC_TEST_DATA,RTP-FULL-SYNTH-v1.0,True
cf89375b-1150-4190-903a-049d67113854,4K2SAPJCFT20M94VP6MKK,BATCH_20250520_95,FAST KH,NBC,KH,USD,P2P,408.48,0.0,408.48,COMPLETED,,2025-05-20T08:43:12,2025-05-20T08:43:12.921000,921,XXXX10688060,COMMBANK,XXXX52952436,BNP_PARIBAS,MOBILE_APP,HARDWARE_TOKEN,,False,NORMAL,,SYNTHETIC_TEST_DATA,RTP-FULL-SYNTH-v1.0,True
ef8ba639-d862-4bea-8ce6-61364ea6a86f,UUEYXYS8RDGR68PUH66C4CE5,BATCH_20250417_03,RwandaRapide,NBR,RW,USD,P2B,213.28,0.0,213.28,COMPLETED,,2025-04-17T14:36:35,2025-04-17T14:36:44.754000,9754,XXXX04740494,PKO_BP,XXXX15912629,STATE_BANK,WEB_BROWSER,MPIN,,False,NORMAL,,SYNTHETIC_TEST_DATA,RTP-FULL-SYNTH-v1.0,True
03565b02-e94f-4da3-b87d-649d5d9286fb,5H1PCJN2SS33L1RGK2PXX,BATCH_20250408_99,DuitNow,PayNet,MY,MYR,P2P,1307.07,0.0,1307.07,COMPLETED,,2025-04-08T10:04:53,2025-04-08T10:04:53.385000,385,XXXX96394578,HDFC_BANK,XXXX82210346,BNP_PARIBAS,USSD,OTP,,False,NORMAL,,SYNTHETIC_TEST_DATA,RTP-FULL-SYNTH-v1.0,True
aba204ad-ccc7-423f-899f-f3665ad9d6d0,YM8Y9A5YDRJB35AH,BATCH_20250326_86,NIP,NIBSS,NG,NGN,G2P,1358.97,1.75,1357.22,COMPLETED,,2025-03-26T09:04:19,2025-03-26T09:04:28.288000,9288,XXXX86762673,FIRST_BANK_NG,XXXX79717521,ITAU_BANK,WEB_BROWSER,NONE,HEALTHCARE,False,NORMAL,,SYNTHETIC_TEST_DATA,RTP-FULL-SYNTH-v1.0,True
3e6df6b1-82cb-4677-adba-807b818a047a,M74K2H6082ZYCWUY8YXT0BP,BATCH_20250302_75,NAPAS 247,NAPAS,VN,USD,P2B,287.03,0.0,287.03,COMPLETED,,2025-03-02T08:58:28,2025-03-02T08:58:29.970000,1970,XXXX80832771,AXIS_BANK,XXXX30489244,PKO_BP,ATM,NONE,EDUCATION,False,NORMAL,,SYNTHETIC_TEST_DATA,RTP-FULL-SYNTH-v1.0,True
9bcaa448-c412-4be0-8b9c-b19ba4a18e79,QC8L10SBQRTBX5YTEGG,BATCH_20250410_28,NPP,NPPA,AU,AUD,P2P,2467.47,0.0,2467.47,REVERSED,BENEFICIARY_NOT_FOUND,2025-04-10T05:45:47,,9253,XXXX06092039,LLOYDS,XXXX87531967,BRADESCO,POS_TERMINAL,NONE,,False,NORMAL,,SYNTHETIC_TEST_DATA,RTP-FULL-SYNTH-v1.0,True
73292d61-dd5b-4910-88e5-a03b0ad678f0,NQM33845DFXJ9V36SHFD,BATCH_20250409_64,TEF,Banco Central Chile,CL,USD,P2P,1332.21,0.0,1332.21,REVERSED,DUPLICATE_TRANSACTION,2025-04-09T10:13:53,,3956,XXXX92749879,DBS_BANK,XXXX72700050,BRADESCO,USSD,MPIN,,False,NORMAL,,SYNTHETIC_TEST_DATA,RTP-FULL-SYNTH-v1.0,True
fbd9beab-abc3-4b92-9d49-6a9b099f899e,4PJR3H03MMVTT910VV8,BATCH_20250530_61,M-PESA,Safaricom,KE,USD,B2B,9273.42,0.0,9273.42,COMPLETED,,2025-05-30T15:51:48,2025-05-30T15:51:51.670000,3670,XXXX54635967,DEUTSCHE_BANK,XXXX58231509,FIRST_BANK_NG,WEB_BROWSER,BIOMETRIC,GOVERNMENT_FEE,True,NORMAL,,SYNTHETIC_TEST_DATA,RTP-FULL-SYNTH-v1.0,True
59ce5996-0f46-4bb3-9b47-1bb3dbd3e23b,BV3S66Z02EZUA331,BATCH_20250507_45,Zengin,JBA,JP,USD,P2B,19134.4,9.82,19124.58,COMPLETED,,2025-05-07T01:25:23,2025-05-07T01:25:31.152000,8152,XXXX59228194,BNP_PARIBAS,XXXX28115103,AXIS_BANK,WEB_BROWSER,BIOMETRIC,HEALTHCARE,False,NORMAL,,SYNTHETIC_TEST_DATA,RTP-FULL-SYNTH-v1.0,True
71eded45-822f-4e8b-8583-95046aaccb2d,5W99STMT6DCCKTC1H9GGAPGQ,BATCH_20250414_83,SEPA Instant,EPC,EU,EUR,G2P,8002.35,12.42,7989.93,COMPLETED,,2025-04-14T00:26:46,2025-04-14T00:26:48.130000,2130,XXXX79923261,STATE_BANK,XXXX75136613,HDFC_BANK,WEB_BROWSER,OTP,RETAIL,False,NORMAL,,SYNTHETIC_TEST_DATA,RTP-FULL-SYNTH-v1.0,True
3fbb1e0f-656d-405e-8070-fd8ca8f8ab4a,QJ9SF9YL4VPNGR5XR,BATCH_20250417_72,SEPA Instant (DE),Bundesbank,DE,USD,P2B,15932.02,0.0,15932.02,COMPLETED,,2025-04-17T10:18:24,2025-04-17T10:18:25.911000,1911,XXXX91952861,COMMBANK,XXXX73051545,AXIS_BANK,ATM,BIOMETRIC,HEALTHCARE,False,NORMAL,,SYNTHETIC_TEST_DATA,RTP-FULL-SYNTH-v1.0,True
13aa3b14-f8ab-4656-b07e-d38d9f7e6607,0LXKUHWDU8HAV3QV3K7L,BATCH_20250522_56,SEPA Instant,EPC,EU,EUR,B2B,63223.55,22.77,63200.78,COMPLETED,,2025-05-22T01:42:07,2025-05-22T01:42:07.618000,618,XXXX59299383,AXIS_BANK,XXXX29961943,BARCLAYS,WEB_BROWSER,NONE,UTILITIES,False,NORMAL,,SYNTHETIC_TEST_DATA,RTP-FULL-SYNTH-v1.0,True
143dff98-f7fb-41dd-8eb3-19336f6914ff,ZLQJMSWXJN39Y62NE,BATCH_20250510_49,CIPS/IBPS,PBoC,CN,USD,P2P,488.2,0.0,488.2,FAILED,DUPLICATE_TRANSACTION,2025-05-10T23:49:30,,4893,XXXX98229274,DEUTSCHE_BANK,XXXX46740628,ITAU_BANK,MOBILE_APP,NONE,,False,NORMAL,,SYNTHETIC_TEST_DATA,RTP-FULL-SYNTH-v1.0,True
fe3f27ae-6174-4449-8aaf-fea64e35677c,RFT57QLG7MUD24CRUF8ZETWZ,BATCH_20250415_76,SEPA Instant,EPC,EU,EUR,P2P,829.1,0.0,829.1,COMPLETED,,2025-04-15T04:37:35,2025-04-15T04:37:41.984000,6984,XXXX74026469,DBS_BANK,XXXX60720199,PKO_BP,ATM,HARDWARE_TOKEN,,False,NORMAL,,SYNTHETIC_TEST_DATA,RTP-FULL-SYNTH-v1.0,True
27bb164b-bcb6-44ca-b975-0f102bcade97,820NCE966TXYVMPD03,BATCH_20250312_57,Faster Payments,Pay.UK,GB,GBP,P2P,5238.81,9.13,5229.68,COMPLETED,,2025-03-12T17:21:33,2025-03-12T17:21:42.248000,9248,XXXX68983424,FIRST_BANK_NG,XXXX99589996,ITAU_BANK,API_DIRECT,OTP,,False,NORMAL,,SYNTHETIC_TEST_DATA,RTP-FULL-SYNTH-v1.0,True
561f89a6-9204-47f5-a900-8ba0b4794b25,GSTQYE9WMAEHZTKVLVGNKML,BATCH_20250317_26,Bizum,AEB,ES,USD,P2B,592.02,0.0,592.02,COMPLETED,,2025-03-17T17:26:28,2025-03-17T17:26:30.288000,2288,XXXX41581984,BARCLAYS,XXXX35348557,STATE_BANK,MOBILE_APP,NONE,UTILITIES,False,NORMAL,,SYNTHETIC_TEST_DATA,RTP-FULL-SYNTH-v1.0,True
a29a4d17-91a7-4538-8614-b12bc448d5d6,PS1GD7QKCYZEEG18YF8QJ,BATCH_20250522_37,Transfiya,ACH Colombia,CO,USD,P2P,156.91,0.0,156.91,COMPLETED,,2025-05-22T06:40:34,2025-05-22T06:40:40.534000,6534,XXXX82181284,PKO_BP,XXXX37525664,BNP_PARIBAS,POS_TERMINAL,HARDWARE_TOKEN,,False,NORMAL,,SYNTHETIC_TEST_DATA,RTP-FULL-SYNTH-v1.0,True
4b540039-2b29-4050-b7ae-b0a29f9067d4,86HCFLJWG8L9H8VL,BATCH_20250427_01,Zengin,JBA,JP,USD,P2P,3898.4,2.04,3896.36,COMPLETED,,2025-04-27T18:52:48,2025-04-27T18:52:51.119000,3119,XXXX32453630,BANAMEX,XXXX63407948,PKO_BP,POS_TERMINAL,BIOMETRIC,,False,NORMAL,,SYNTHETIC_TEST_DATA,RTP-FULL-SYNTH-v1.0,True
61506580-a34b-4ced-9f5d-37d57cdee095,KYA3VR93PEXBUAUN2,BATCH_20250426_37,EthSwitch,EthSwitch,ET,USD,P2B,143.6,0.0,143.6,TIMED_OUT,SYSTEM_TIMEOUT,2025-04-26T11:14:57,,33262,XXXX52346798,KASIKORN,XXXX35061380,KASIKORN,MOBILE_APP,BIOMETRIC,RETAIL,False,NORMAL,,SYNTHETIC_TEST_DATA,RTP-FULL-SYNTH-v1.0,True
77f68085-08c4-4cf5-961e-d880cdf2ca87,LTRD3F9503AU3NDP5E1SZF2,BATCH_20250507_46,SBP,NSPK,RU,USD,P2P,303.52,0.0,303.52,FAILED,INVALID_VPA,2025-05-07T15:14:43,,3214,XXXX16161660,BRI,XXXX02028190,LLOYDS,POS_TERMINAL,NONE,,False,NORMAL,,SYNTHETIC_TEST_DATA,RTP-FULL-SYNTH-v1.0,True
ccc4f16d-0d59-4144-b9bf-2d05478b4b08,UXXC0FA6X49UA7EY0DH,BATCH_20250410_70,DuitNow,PayNet,MY,MYR,P2P,1841.94,0.7,1841.24,TIMED_OUT,DUPLICATE_TRANSACTION,2025-04-10T17:52:58,,34323,XXXX33763852,COMMBANK,XXXX66232310,ICICI_BANK,USSD,MPIN,,False,NORMAL,,SYNTHETIC_TEST_DATA,RTP-FULL-SYNTH-v1.0,True
c0242135-d91f-4b53-b058-8432165b0905,U2UYZCAQA8E0M5BGU,BATCH_20250420_86,EthSwitch,EthSwitch,ET,USD,B2B,350.0,0.0,350.0,REVERSED,DUPLICATE_TRANSACTION,2025-04-20T11:41:20,,9284,XXXX65701054,DEUTSCHE_BANK,XXXX17944704,KASIKORN,MOBILE_APP,MPIN,UTILITIES,False,AMOUNT_AT_LIMIT,Amount equals scheme maximum limit,SYNTHETIC_TEST_DATA,RTP-FULL-SYNTH-v1.0,True
720a2cd0-a8db-4b5f-bcad-84f9031d1c03,J48V7QSRALMGNFZ8KQDQBM,BATCH_20250420_59,TIPS,Bank of Tanzania,TZ,USD,P2B,217.75,0.0,217.75,REVERSED,BENEFICIARY_NOT_FOUND,2025-04-20T12:59:03,,3849,XXXX58010920,DBS_BANK,XXXX61586467,FNB_ZA,USSD,HARDWARE_TOKEN,RETAIL,True,NORMAL,,SYNTHETIC_TEST_DATA,RTP-FULL-SYNTH-v1.0,True
91d6b57e-addf-4ae6-ae0f-ea37ecaef930,D2GDF3VRKLKB34GCUBJT8Z2,BATCH_20250307_57,RwandaRapide,NBR,RW,USD,B2B,6923.03,0.0,6923.03,COMPLETED,,2025-03-07T20:20:19,2025-03-07T20:20:21.985000,2985,XXXX20533991,ITAU_BANK,XXXX19647473,BRI,MOBILE_APP,OTP,RETAIL,False,NORMAL,,SYNTHETIC_TEST_DATA,RTP-FULL-SYNTH-v1.0,True
bb8b00b5-1946-4184-a4f8-a9a2392aa248,LDJ4JV5D6PP5QYF2XZ,BATCH_20250520_59,SEPA Instant,EPC,EU,EUR,P2P,245.48,0.0,245.48,PENDING,,2025-05-20T06:38:45,,,XXXX28848984,COMMBANK,XXXX29400152,HDFC_BANK,USSD,MPIN,,False,NORMAL,,SYNTHETIC_TEST_DATA,RTP-FULL-SYNTH-v1.0,True
f0927177-eb9f-449b-92f9-1159ef26f405,JF0G0UALF9WVQ7EABK,BATCH_20250501_73,UPI,NPCI,IN,INR,P2P,3599.84,2.98,3596.86,REVERSED,INVALID_VPA,2025-05-01T20:23:08,,5847,XXXX11418188,PKO_BP,XXXX03210768,MAYBANK,API_DIRECT,OTP,,False,NORMAL,,SYNTHETIC_TEST_DATA,RTP-FULL-SYNTH-v1.0,True
d6646445-c7aa-45cc-9f0f-77f70be129cf,30CTM5D5Y51KMJ93,BATCH_20250416_03,FedNow,Federal Reserve,US,USD,P2P,106.04,0.0,106.04,TIMED_OUT,DUPLICATE_TRANSACTION,2025-04-16T13:06:16,,32443,XXXX40856192,BANAMEX,XXXX55608706,FNB_ZA,WEB_BROWSER,HARDWARE_TOKEN,,False,NORMAL,,SYNTHETIC_TEST_DATA,RTP-FULL-SYNTH-v1.0,True
90229855-063f-4cda-8854-bf1d8f0452c3,U8YRDVYS1PCQM6MVGVGR1838,BATCH_20250502_53,Transferencias 3.0,BCRA,AR,USD,P2B,505.62,0.0,505.62,TIMED_OUT,INVALID_VPA,2025-05-02T03:03:20,,30809,XXXX62510678,HDFC_BANK,XXXX33525509,ICICI_BANK,POS_TERMINAL,MPIN,TRANSPORT,False,NORMAL,,SYNTHETIC_TEST_DATA,RTP-FULL-SYNTH-v1.0,True
26a80904-f07f-408b-9402-f8bd3316369a,XHXY86U8RVQ1BGG77SF,BATCH_20250507_73,UPI,NPCI,IN,INR,P2B,9525.87,9.78,9516.09,REVERSED,DUPLICATE_TRANSACTION,2025-05-07T10:11:16,,3968,XXXX65599179,STATE_BANK,XXXX88765999,BANAMEX,POS_TERMINAL,OTP,HEALTHCARE,False,NORMAL,,SYNTHETIC_TEST_DATA,RTP-FULL-SYNTH-v1.0,True
3b131a1f-1546-4fa2-b314-b8392d95d803,5VQ6RTD4S5RU2EKPUYAQ0F7U,BATCH_20250522_20,PayShap,BankservAfrica,ZA,ZAR,P2P,205.6,0.0,205.6,COMPLETED,,2025-05-22T02:04:26,2025-05-22T02:04:31.617000,5617,XXXX38907893,COMMBANK,XXXX41527784,ICICI_BANK,WEB_BROWSER,HARDWARE_TOKEN,,False,NORMAL,,SYNTHETIC_TEST_DATA,RTP-FULL-SYNTH-v1.0,True
5761e5ed-2255-4b36-acf0-656db56f2c7e,E21PJL0PPNA5K2UKWRJ3,BATCH_20250506_43,RwandaRapide,NBR,RW,USD,P2P,359.63,0.0,359.63,COMPLETED,,2025-05-06T05:39:55,2025-05-06T05:40:04.654000,9654,XXXX34932224,KASIKORN,XXXX31941906,BARCLAYS,POS_TERMINAL,MPIN,,False,NORMAL,,SYNTHETIC_TEST_DATA,RTP-FULL-SYNTH-v1.0,True
d8fbf6d3-503c-4c27-aafc-a52174d9c350,MBL1Q90TQHMMW15DB,BATCH_20250516_51,SEPA Instant (DE),Bundesbank,DE,USD,P2B,3121.82,4.45,3117.37,REVERSED,ACCOUNT_FROZEN,2025-05-16T02:22:22,,2851,XXXX83475019,BRADESCO,XXXX94436109,JP_MORGAN,USSD,OTP,FOOD_BEVERAGE,False,NORMAL,,SYNTHETIC_TEST_DATA,RTP-FULL-SYNTH-v1.0,True
7a75f8aa-be77-423a-ac56-65aa30e18248,L8PGDPFZC9K63B7MP7YWT4Z7,BATCH_20250402_33,InstaPay,BancNet,PH,USD,B2B,5927.56,5.45,5922.11,PENDING,,2025-04-02T04:59:48,,,XXXX36760172,DEUTSCHE_BANK,XXXX67931660,PKO_BP,USSD,BIOMETRIC,,False,NORMAL,,SYNTHETIC_TEST_DATA,RTP-FULL-SYNTH-v1.0,True
b750c681-1b20-4c58-a5e1-4dd5654b7061,8EK5X2UCWSZZU76PGL,BATCH_20250506_08,UPI,NPCI,IN,INR,P2B,9457.78,0.0,9457.78,COMPLETED,,2025-05-06T22:24:32,2025-05-06T22:24:39.717000,7717,XXXX89140796,DBS_BANK,XXXX21431941,KASIKORN,POS_TERMINAL,MPIN,UTILITIES,False,SAME_SENDER_RECEIVER,Sender and receiver identifiers are identical,SYNTHETIC_TEST_DATA,RTP-FULL-SYNTH-v1.0,True
dbb8a082-c8e8-42c7-864d-89b7880a0c02,JPA559E6RDAL10Q3ZTYX19RX,BATCH_20250428_67,Bizum,AEB,ES,USD,P2B,405.32,0.0,405.32,REVERSED,INSUFFICIENT_FUNDS,2025-04-28T20:13:00,,4046,XXXX32710909,KASIKORN,XXXX96900104,BRI,MOBILE_APP,BIOMETRIC,EDUCATION,False,NORMAL,,SYNTHETIC_TEST_DATA,RTP-FULL-SYNTH-v1.0,True
275858c8-0f35-4a50-97a5-009096198378,24XW79Z8WEXJRKUTBTZ2A,BATCH_20250527_27,FPS,HKICL,HK,USD,B2B,99156.82,0.0,99156.82,PENDING,,2025-05-27T14:41:20,,,XXXX41486591,ITAU_BANK,XXXX51983184,FNB_ZA,ATM,BIOMETRIC,,False,NORMAL,,SYNTHETIC_TEST_DATA,RTP-FULL-SYNTH-v1.0,True
1d2d3c45-62a6-437d-bd2c-3c0833795085,NN86JALGRPWV8S09P,BATCH_20250530_47,LankaPay,LankaClear,LK,USD,P2P,365.89,0.0,365.89,COMPLETED,,2025-05-30T08:53:09,2025-05-30T08:53:16.587000,7587,XXXX96722164,FIRST_BANK_NG,XXXX09676684,DEUTSCHE_BANK,API_DIRECT,MPIN,,False,NORMAL,,SYNTHETIC_TEST_DATA,RTP-FULL-SYNTH-v1.0,True
8b17ddcf-d7c9-4ba3-955e-55b4e730dac7,XXL2NX6LV00UL5QY52Q4,BATCH_20250418_15,RwandaRapide,NBR,RW,USD,P2P,245.86,0.0,245.86,COMPLETED,,2025-04-18T00:45:34,2025-04-18T00:45:40.582000,6582,XXXX09342381,FNB_ZA,XXXX44848251,COMMBANK,MOBILE_APP,HARDWARE_TOKEN,,True,NORMAL,,SYNTHETIC_TEST_DATA,RTP-FULL-SYNTH-v1.0,True
4c3538d0-d901-41fb-885b-3faa1f82d22e,HFCSZ4YZ4RZMAXRW5SD7VVEA,BATCH_20250527_50,Faster Payments,Pay.UK,GB,GBP,P2B,21646.0,33.8,21612.2,REVERSED,FRAUD_HOLD,2025-05-27T19:43:20,,5807,XXXX18560393,LLOYDS,XXXX65930298,MAYBANK,WEB_BROWSER,OTP,HEALTHCARE,False,NORMAL,,SYNTHETIC_TEST_DATA,RTP-FULL-SYNTH-v1.0,True
