scheme_id,country_code,country_name,scheme_name,operator,regulator,maturity,status,launch_year,transaction_limit_usd,iso_standard,region,p2p_supported,p2b_supported,b2b_supported,avg_daily_txn_millions,uptime_pct_ytd,api_access,interop_count,last_updated,edge_case_flag,edge_case_note,data_classification,synthetic_version,do_not_use_in_prod
b5499f65-efb1-4dac-8817-8692ea2b8e9a,IN,India,UPI,NPCI,Reserve Bank of India,Pioneer,Live,2016,24000,ISO 20022,Asia-Pacific,True,True,False,202.29,99.278,Open,3,2025-05-24T19:11:55,NORMAL,,SYNTHETIC_TEST_DATA,RTP-FULL-SYNTH-v1.0,True
01371733-6d00-4788-a6d1-1488ace271f8,BR,Brazil,Pix,BCB,Banco Central do Brasil,Pioneer,Live,2020,10000,ISO 20022,Latin America,True,True,True,125.95,99.441,Closed,8,2025-05-29T04:28:48,NORMAL,,SYNTHETIC_TEST_DATA,RTP-FULL-SYNTH-v1.0,True
ef158d12-c4c0-4ea3-a26a-9bc9544972e7,CN,China,CIPS/IBPS,PBoC,People's Bank of China,Pioneer,Live,2010,50000,ISO 20022,Asia-Pacific,True,True,True,211.11,99.646,Open,5,2025-05-05T11:04:17,NORMAL,,SYNTHETIC_TEST_DATA,RTP-FULL-SYNTH-v1.0,True
8ddd5fce-2c8f-45e0-b747-70076ad64948,GB,United Kingdom,Faster Payments,Pay.UK,Payment Systems Regulator,Pioneer,Live,2008,1250000,ISO 20022,Europe,True,True,True,106.69,99.511,Open,5,2025-05-29T01:26:17,NORMAL,,SYNTHETIC_TEST_DATA,RTP-FULL-SYNTH-v1.0,True
b08d4921-1dc9-40fa-8a5f-721edab18f04,SG,Singapore,PayNow,ABS,Monetary Authority of Singapore,Pioneer,Live,2017,74000,ISO 20022,Asia-Pacific,True,True,False,387.35,99.517,Regulated,0,2025-05-23T06:59:33,NORMAL,,SYNTHETIC_TEST_DATA,RTP-FULL-SYNTH-v1.0,True
6cfacc5e-8640-47dc-8e12-bc3d77d71f66,US,United States,FedNow,Federal Reserve,Federal Reserve System,Growing,Live,2023,500000,ISO 20022,North America,True,True,True,102.28,99.981,Closed,1,2025-05-17T07:02:48,NORMAL,,SYNTHETIC_TEST_DATA,RTP-FULL-SYNTH-v1.0,True
0bd49124-3ce9-49ed-a5e6-1934793e0dae,EU,Eurozone,SEPA Instant,EPC,European Central Bank,Growing,Live,2017,110000,ISO 20022,Europe,True,True,True,302.95,99.969,Regulated,2,2025-05-25T01:49:13,NORMAL,,SYNTHETIC_TEST_DATA,RTP-FULL-SYNTH-v1.0,True
f18e1e9d-8953-460f-b8da-f1b40a8f5bad,AU,Australia,NPP,NPPA,Reserve Bank of Australia,Growing,Live,2018,1000000,ISO 20022,Asia-Pacific,True,True,True,396.02,99.63,Open,8,2025-05-10T18:57:53,NORMAL,,SYNTHETIC_TEST_DATA,RTP-FULL-SYNTH-v1.0,True
9de7c3d9-1c34-456b-9be3-cb20bf005a34,MX,Mexico,SPEI,Banxico,Banco de Mexico,Growing,Live,2004,5000,ISO 20022,Latin America,True,True,True,12.14,99.522,Regulated,1,2025-05-02T10:19:55,NORMAL,,SYNTHETIC_TEST_DATA,RTP-FULL-SYNTH-v1.0,True
c41f13ca-c5ab-4c40-adec-904d2446a3d3,TH,Thailand,PromptPay,NITMX,Bank of Thailand,Growing,Live,2017,15000,ISO 20022,Asia-Pacific,True,True,False,71.88,99.649,Regulated,5,2025-05-27T07:34:48,NORMAL,,SYNTHETIC_TEST_DATA,RTP-FULL-SYNTH-v1.0,True
55ecffd6-b6e4-4733-9557-5626495cbde9,MY,Malaysia,DuitNow,PayNet,Bank Negara Malaysia,Growing,Live,2018,22000,ISO 20022,Asia-Pacific,True,True,False,450.04,99.967,Closed,3,2025-05-17T15:25:35,NORMAL,,SYNTHETIC_TEST_DATA,RTP-FULL-SYNTH-v1.0,True
931a44e3-9623-476d-b228-f2ff55f53749,PH,Philippines,InstaPay,BancNet,Bangko Sentral ng Pilipinas,Growing,Live,2018,900,ISO 8583,Asia-Pacific,True,True,False,412.65,99.212,Closed,7,2025-05-02T22:51:13,NORMAL,,SYNTHETIC_TEST_DATA,RTP-FULL-SYNTH-v1.0,True
ae4ad69b-50c9-4503-bfa2-b750066c2b2f,ZA,South Africa,PayShap,BankservAfrica,South African Reserve Bank,Growing,Live,2023,550,ISO 20022,Africa,True,False,False,432.03,99.634,Closed,2,2025-05-12T10:52:54,NORMAL,,SYNTHETIC_TEST_DATA,RTP-FULL-SYNTH-v1.0,True
14e94a3d-8c6f-4976-9b5a-081c6632dc0b,ID,Indonesia,BI-FAST,Bank Indonesia,Bank Indonesia,Growing,Live,2021,6500,ISO 20022,Asia-Pacific,True,True,False,59.8,99.363,Open,6,2025-05-27T17:03:25,NORMAL,,SYNTHETIC_TEST_DATA,RTP-FULL-SYNTH-v1.0,True
eb8e7de9-7597-48a9-b817-ae4796a21774,CA,Canada,RTR,Payments Canada,Bank of Canada,Emerging,In Development,,3700,ISO 20022,North America,True,False,False,0,,Regulated,7,2025-05-06T16:05:44,NORMAL,,SYNTHETIC_TEST_DATA,RTP-FULL-SYNTH-v1.0,True
c84cf0c6-1cf6-48f1-bd2f-ce52e160e712,NG,Nigeria,NIP,NIBSS,Central Bank of Nigeria,Emerging,Live,2011,1200,ISO 8583,Africa,True,True,False,59.05,99.832,Open,1,2025-05-15T14:59:23,NORMAL,,SYNTHETIC_TEST_DATA,RTP-FULL-SYNTH-v1.0,True
caa54bdb-4925-42d4-a144-3ddadd46e168,KE,Kenya,M-PESA,Safaricom,Central Bank of Kenya,Emerging,Live,2007,1500,Proprietary,Africa,True,True,False,416.36,99.4,Regulated,6,2025-05-21T11:35:34,NORMAL,,SYNTHETIC_TEST_DATA,RTP-FULL-SYNTH-v1.0,True
72959b9c-47d2-49f5-b25a-b01dfdb7f067,JP,Japan,Zengin,JBA,Bank of Japan,Emerging,Live,2018,66000,ISO 20022,Asia-Pacific,True,True,True,406.94,99.576,Open,0,2025-05-02T12:13:06,NORMAL,,SYNTHETIC_TEST_DATA,RTP-FULL-SYNTH-v1.0,True
75ae7141-0a40-4f47-97dd-619004a339cc,KR,South Korea,Oasis,FTCI,Bank of Korea,Emerging,Live,2014,30000,ISO 20022,Asia-Pacific,True,True,False,199.59,99.495,Regulated,3,2025-05-11T00:40:54,NORMAL,,SYNTHETIC_TEST_DATA,RTP-FULL-SYNTH-v1.0,True
85ead9ae-ce8e-4295-b0bb-35788558b5c2,SA,Saudi Arabia,SARIE,Saudi Payments,Saudi Central Bank,Emerging,Live,2021,13000,ISO 20022,Middle East,True,True,True,437.18,99.741,Open,3,2025-05-19T14:31:12,NORMAL,,SYNTHETIC_TEST_DATA,RTP-FULL-SYNTH-v1.0,True
a3352fc3-9ff2-47bf-950d-84c6add1ddc2,AE,UAE,Aani,Al Etihad Payments,Central Bank of UAE,Emerging,Live,2023,27000,ISO 20022,Middle East,True,True,False,479.57,99.885,Regulated,4,2025-05-29T07:41:02,NORMAL,,SYNTHETIC_TEST_DATA,RTP-FULL-SYNTH-v1.0,True
d8ef4a55-c13e-4e87-b9d1-7c63083f4182,PK,Pakistan,Raast,SBP,State Bank of Pakistan,Emerging,Live,2021,3600,ISO 20022,Asia-Pacific,True,True,False,342.56,99.385,Regulated,8,2025-05-27T15:32:04,NORMAL,,SYNTHETIC_TEST_DATA,RTP-FULL-SYNTH-v1.0,True
917f00e7-5c13-4b7f-a5b3-d79c130b0ad5,GH,Ghana,GhIPSS,GhIPSS,Bank of Ghana,Emerging,Live,2016,800,ISO 8583,Africa,True,True,False,145.8,99.962,Closed,2,2025-05-22T11:16:17,NORMAL,,SYNTHETIC_TEST_DATA,RTP-FULL-SYNTH-v1.0,True
b6da214b-d2ea-4c1d-ae9f-15e441423bfa,TZ,Tanzania,TIPS,Bank of Tanzania,Bank of Tanzania,Emerging,Live,2020,600,ISO 20022,Africa,True,False,False,302.34,99.979,Closed,7,2025-05-25T11:38:04,NORMAL,,SYNTHETIC_TEST_DATA,RTP-FULL-SYNTH-v1.0,True
0926d8f0-ffc3-4da1-b352-4d157510f579,RW,Rwanda,RwandaRapide,NBR,National Bank of Rwanda,Emerging,Live,2018,500,Domestic,Africa,True,True,False,99.23,99.104,Regulated,4,2025-05-01T17:02:18,NORMAL,,SYNTHETIC_TEST_DATA,RTP-FULL-SYNTH-v1.0,True
4e8b2e23-ebeb-46a4-934b-538d013daa47,DE,Germany,SEPA Instant (DE),Bundesbank,BaFin,Growing,Live,2017,110000,ISO 20022,Europe,True,True,True,334.07,99.803,Regulated,6,2025-05-08T01:45:34,NORMAL,,SYNTHETIC_TEST_DATA,RTP-FULL-SYNTH-v1.0,True
942f1b9b-7975-45a6-80cd-78299c59cbc3,FR,France,Virement Instantane,Banque de France,Banque de France,Growing,Live,2018,110000,ISO 20022,Europe,True,True,True,430.32,99.408,Regulated,0,2025-05-28T07:25:48,NORMAL,,SYNTHETIC_TEST_DATA,RTP-FULL-SYNTH-v1.0,True
48cc5a48-87d2-4e85-8da7-01a543aebaab,ES,Spain,Bizum,AEB,Banco de Espana,Pioneer,Live,2016,1000,ISO 20022,Europe,True,True,False,1.15,99.376,Closed,2,2025-05-15T09:00:47,NORMAL,,SYNTHETIC_TEST_DATA,RTP-FULL-SYNTH-v1.0,True
546174f9-b753-4f88-92d0-f43d201c2f01,PL,Poland,Express Elixir,KIR,NBP,Pioneer,Live,2012,25000,ISO 20022,Europe,True,True,False,132.32,99.858,Regulated,7,2025-05-14T07:19:21,NORMAL,,SYNTHETIC_TEST_DATA,RTP-FULL-SYNTH-v1.0,True
eb8d4ffa-ab5b-4aaa-8ae1-c42f59de6ad7,SE,Sweden,Swish,Bankgirot,Riksbank,Pioneer,Live,2012,48000,ISO 20022,Europe,True,True,False,384.05,99.839,Closed,4,2025-05-25T00:58:54,NORMAL,,SYNTHETIC_TEST_DATA,RTP-FULL-SYNTH-v1.0,True
77fc7ef4-4a26-488f-8670-7266df122d85,NO,Norway,Vipps,Vipps AS,Norges Bank,Pioneer,Live,2015,45000,ISO 20022,Europe,True,True,False,403.29,99.167,Open,0,2025-05-18T14:36:25,NORMAL,,SYNTHETIC_TEST_DATA,RTP-FULL-SYNTH-v1.0,True
fc4cd0a4-212e-4733-9ace-d6a9bf2017db,NL,Netherlands,iDEAL 2.0,Currence,DNB,Pioneer,Live,2005,110000,ISO 20022,Europe,True,True,False,313.39,99.733,Closed,4,2025-05-25T20:04:10,NORMAL,,SYNTHETIC_TEST_DATA,RTP-FULL-SYNTH-v1.0,True
efa9c3ac-c731-40db-9357-05a6a02d0072,HK,Hong Kong,FPS,HKICL,HKMA,Growing,Live,2018,128000,ISO 20022,Asia-Pacific,True,True,False,197.63,99.802,Regulated,7,2025-05-21T19:03:52,NORMAL,,SYNTHETIC_TEST_DATA,RTP-FULL-SYNTH-v1.0,True
38ab0f09-fd9e-4744-a973-d2e7c0beceaa,RU,Russia,SBP,NSPK,Bank of Russia,Growing,Live,2019,11000,ISO 20022,Europe,True,True,False,450.93,99.872,Closed,6,2025-05-18T06:14:49,NORMAL,,SYNTHETIC_TEST_DATA,RTP-FULL-SYNTH-v1.0,True
51e82168-e741-4fac-a311-43996d13bd35,EG,Egypt,InstaPay EG,EBC,Central Bank of Egypt,Emerging,Live,2022,1000,ISO 20022,Africa,True,False,False,180.24,99.285,Regulated,6,2025-05-26T08:23:03,NORMAL,,SYNTHETIC_TEST_DATA,RTP-FULL-SYNTH-v1.0,True
3f9dbf21-7fa5-4a01-ba05-f536f0d35972,TR,Turkey,FAST,BKM,TCMB,Growing,Live,2021,3300,ISO 20022,Europe,True,True,False,313.11,99.915,Closed,2,2025-05-29T06:44:31,NORMAL,,SYNTHETIC_TEST_DATA,RTP-FULL-SYNTH-v1.0,True
7f7f8d26-ab3f-4321-a70b-a3c1489db522,CL,Chile,TEF,Banco Central Chile,Banco Central Chile,Emerging,Live,2019,5000,ISO 20022,Latin America,True,False,False,261.83,99.202,Regulated,1,2025-05-21T03:14:00,NORMAL,,SYNTHETIC_TEST_DATA,RTP-FULL-SYNTH-v1.0,True
dbfd74d7-0f02-4bda-9e42-093f5e3ed31e,CO,Colombia,Transfiya,ACH Colombia,Banco de la Republica,Emerging,Live,2020,1300,ISO 20022,Latin America,True,False,False,285.02,99.574,Closed,0,2025-05-13T13:33:44,NORMAL,,SYNTHETIC_TEST_DATA,RTP-FULL-SYNTH-v1.0,True
913faeb2-7131-48d2-8686-ab1cefef4fcd,AR,Argentina,Transferencias 3.0,BCRA,BCRA,Emerging,Live,2021,800,ISO 20022,Latin America,True,True,False,83.41,99.623,Open,6,2025-05-30T22:38:28,NORMAL,,SYNTHETIC_TEST_DATA,RTP-FULL-SYNTH-v1.0,True
2a9ba24f-c7f0-47de-8223-e9bff0c4e370,VN,Vietnam,NAPAS 247,NAPAS,State Bank of Vietnam,Emerging,Live,2017,8600,ISO 8583,Asia-Pacific,True,True,False,115.36,99.772,Open,7,2025-05-30T01:10:34,NORMAL,,SYNTHETIC_TEST_DATA,RTP-FULL-SYNTH-v1.0,True
27b9b1db-fad1-4e64-ba25-8ba4952c25be,BD,Bangladesh,bKash,bKash Ltd,Bangladesh Bank,Emerging,Live,2011,600,Proprietary,Asia-Pacific,True,True,False,115.19,99.268,Regulated,2,2025-05-23T15:17:37,NORMAL,,SYNTHETIC_TEST_DATA,RTP-FULL-SYNTH-v1.0,True
0e4b7001-4379-4119-8a1e-32b23f38d786,ET,Ethiopia,EthSwitch,EthSwitch,National Bank of Ethiopia,Emerging,Live,2021,350,ISO 8583,Africa,True,False,False,35.79,99.918,Closed,2,2025-05-09T12:18:08,NORMAL,,SYNTHETIC_TEST_DATA,RTP-FULL-SYNTH-v1.0,True
8e7c8a7f-6973-4f46-9a1f-a5458c7bb53e,LK,Sri Lanka,LankaPay,LankaClear,Central Bank of Sri Lanka,Emerging,Live,2015,2000,ISO 8583,Asia-Pacific,True,True,False,267.71,99.762,Open,2,2025-05-05T19:50:26,NORMAL,,SYNTHETIC_TEST_DATA,RTP-FULL-SYNTH-v1.0,True
645f3383-3618-4458-a059-f2a3666e14e6,KH,Cambodia,FAST KH,NBC,National Bank of Cambodia,Emerging,Live,2016,1000,ISO 8583,Asia-Pacific,True,False,False,43.71,99.776,Closed,6,2025-05-26T12:04:10,NORMAL,,SYNTHETIC_TEST_DATA,RTP-FULL-SYNTH-v1.0,True
6a436922-47bc-4cf6-bc12-f55d42a2c48e,VE,VenePago (Synthetic),VenePago,BCV,Banco Central de Venezuela,Emerging,Live,2020,800,ISO 20022,Middle East,True,True,False,38.66,99.724,Limited,1,2025-04-22T18:12:53,NORMAL,,SYNTHETIC_TEST_DATA,RTP-FULL-SYNTH-v1.0,True
7716062c-a716-468c-a3aa-75045765e167,EC,PagoMovil (Synthetic),PagoMovil EC,BCE,Banco Central del Ecuador,Emerging,Pilot,2022,500,ISO 20022,Middle East,True,True,True,0,,Limited,0,2025-05-01T05:31:14,NORMAL,,SYNTHETIC_TEST_DATA,RTP-FULL-SYNTH-v1.0,True
ab25339f-673e-4839-ad95-c323585ed1e5,PY,Vaquita (Synthetic),Vaquita Pay,BCP,Banco Central del Paraguay,Emerging,In Development,,300,ISO 20022,Europe,True,True,True,0,,Limited,2,2025-04-29T13:22:58,NORMAL,,SYNTHETIC_TEST_DATA,RTP-FULL-SYNTH-v1.0,True
af673045-17c5-4094-b784-c5d1707654af,UY,Cobro (Synthetic),Cobro Express,BCU,Banco Central del Uruguay,Emerging,Live,2019,2000,ISO 20022,Europe,True,False,True,6.65,97.528,Closed,4,2025-04-24T14:52:29,NORMAL,,SYNTHETIC_TEST_DATA,RTP-FULL-SYNTH-v1.0,True
422c45e4-efff-4b4c-ab87-0139dccc2858,CR,SINPE (Synthetic),SINPE Movil,BCCR,Banco Central de Costa Rica,Emerging,Live,2015,5000,ISO 20022,Europe,True,True,False,8.21,99.202,Closed,2,2025-05-27T11:07:43,NORMAL,,SYNTHETIC_TEST_DATA,RTP-FULL-SYNTH-v1.0,True
b1cbb41b-f731-4e1e-8bbc-65b2de1afae1,PA,Yappy (Synthetic),Yappy,Superintendencia,Superintendencia de Panama,Emerging,Live,2018,1000,ISO 20022,Middle East,True,True,True,38.19,99.838,Limited,3,2025-03-27T01:02:11,NORMAL,,SYNTHETIC_TEST_DATA,RTP-FULL-SYNTH-v1.0,True
79fbb625-20f6-41c6-a763-d300ff01216b,DO,ACH (Synthetic),ACH RD,BCRD,Banco Central Dominicano,Emerging,Live,2016,3000,ISO 20022,Middle East,True,False,True,10.62,99.113,Regulated,4,2025-05-19T10:59:24,NORMAL,,SYNTHETIC_TEST_DATA,RTP-FULL-SYNTH-v1.0,True
818cbf23-0d17-4068-a97a-1a2465a6c370,JM,Lynk (Synthetic),Lynk,BOJ,Bank of Jamaica,Emerging,Live,2021,500,ISO 20022,Africa,True,True,True,31.47,97.653,Closed,1,2025-03-18T10:51:00,NORMAL,,SYNTHETIC_TEST_DATA,RTP-FULL-SYNTH-v1.0,True
d61ce997-42a1-4bd5-9008-07b7fc7e7fb7,TT,TTFS (Synthetic),TTFS,CBTT,Central Bank of T&T,Emerging,Live,2014,2000,ISO 20022,Europe,True,False,False,3.71,98.965,Closed,3,2025-05-15T08:01:21,NORMAL,,SYNTHETIC_TEST_DATA,RTP-FULL-SYNTH-v1.0,True
ba15fdfd-6d36-4d3f-9889-a4db8cfe9313,GY,GuyanaPay (Synthetic),GuyanaPay,BSRB,Bank of Guyana,Emerging,In Development,,200,ISO 8583,Middle East,True,True,True,0,,Limited,1,2025-05-19T10:20:48,NORMAL,,SYNTHETIC_TEST_DATA,RTP-FULL-SYNTH-v1.0,True
4b882a91-e59c-4b94-8585-a0a491bbee21,IL,ZAHAV (Synthetic),ZAHAV,BOI,Bank of Israel,Growing,Live,2007,50000,ISO 20022,Africa,True,True,False,36.91,98.119,Closed,1,2025-03-09T07:16:09,NORMAL,,SYNTHETIC_TEST_DATA,RTP-FULL-SYNTH-v1.0,True
27940eb9-0ace-4906-8de1-3e01138312b2,JO,JoPACC (Synthetic),JoPACC,CBJ,Central Bank of Jordan,Emerging,Live,2018,3000,ISO 20022,Middle East,True,True,True,12.03,98.065,Limited,3,2025-03-25T06:55:45,NORMAL,,SYNTHETIC_TEST_DATA,RTP-FULL-SYNTH-v1.0,True
4c053467-ae80-4651-9c93-ef1a05145308,LB,BDL (Synthetic),BDL Fast,BDL,Banque du Liban,Emerging,Suspended,2019,500,ISO 8583,Middle East,True,False,False,0,,Regulated,0,2025-03-12T23:57:33,NORMAL,,SYNTHETIC_TEST_DATA,RTP-FULL-SYNTH-v1.0,True
8e363522-5b6c-46c8-b3ba-1244b10ad400,IQ,IBDP (Synthetic),IBDP,CBI,Central Bank of Iraq,Emerging,Pilot,2023,1000,ISO 8583,Africa,True,True,False,0,,Regulated,2,2025-03-07T15:59:24,NORMAL,,SYNTHETIC_TEST_DATA,RTP-FULL-SYNTH-v1.0,True
ba87ef16-439b-4382-88c0-8b55d94c1350,IR,SATNA (Synthetic),SATNA,CBI,Central Bank of Iran,Emerging,Live,2011,10000,Domestic,Africa,True,False,True,7.97,98.469,Closed,4,2025-04-28T17:31:57,NORMAL,,SYNTHETIC_TEST_DATA,RTP-FULL-SYNTH-v1.0,True
23ad2721-1fc3-42f5-8ab6-360d4df623ca,QA,QPAY (Synthetic),QPAY,QCB,Qatar Central Bank,Emerging,Live,2020,20000,ISO 20022,Europe,True,False,True,7.07,97.695,Limited,0,2025-04-16T13:03:36,NORMAL,,SYNTHETIC_TEST_DATA,RTP-FULL-SYNTH-v1.0,True
31398747-e0c5-4211-8b2b-04314581f875,KW,KNET (Synthetic),KNET,CBK,Central Bank of Kuwait,Emerging,Live,2015,15000,ISO 20022,Africa,True,True,True,1.46,98.028,Closed,4,2025-04-29T21:19:00,NORMAL,,SYNTHETIC_TEST_DATA,RTP-FULL-SYNTH-v1.0,True
bbcd0911-7cce-4e19-8fda-1849993af4f3,BH,BENEFIT (Synthetic),BENEFIT,CBB,Central Bank of Bahrain,Emerging,Live,2008,10000,ISO 20022,Latin America,True,True,False,24.86,98.89,Limited,4,2025-03-10T15:39:15,NORMAL,,SYNTHETIC_TEST_DATA,RTP-FULL-SYNTH-v1.0,True
81e46063-d69f-4f87-945e-ccce9f78471c,OM,Mpaisa (Synthetic),Mpaisa,CBO,Central Bank of Oman,Emerging,Live,2017,8000,ISO 20022,Europe,True,False,True,3.23,97.583,Closed,2,2025-03-13T20:42:04,NORMAL,,SYNTHETIC_TEST_DATA,RTP-FULL-SYNTH-v1.0,True
90b35c80-699d-415f-967e-93f471cdd244,YE,YemenPay (Synthetic),YemenPay,CBY,Central Bank of Yemen,Emerging,In Development,,200,ISO 8583,Middle East,True,True,True,0,,Limited,3,2025-03-26T23:21:13,NORMAL,,SYNTHETIC_TEST_DATA,RTP-FULL-SYNTH-v1.0,True
0db7494d-436f-42ed-949c-b91983f8f9dd,NP,ConnectIPS (Synthetic),ConnectIPS,NRB,Nepal Rastra Bank,Emerging,Live,2018,1500,ISO 8583,Latin America,True,True,True,14.12,99.404,Limited,3,2025-04-20T07:44:22,NORMAL,,SYNTHETIC_TEST_DATA,RTP-FULL-SYNTH-v1.0,True
f76cefe1-19c0-4ce8-a603-7f29633c0624,MV,Faisaa (Synthetic),Faisaa,MMA,Maldives Monetary Authority,Emerging,Live,2020,3000,ISO 8583,Europe,True,False,False,38.76,97.67,Closed,3,2025-03-30T13:21:55,NORMAL,,SYNTHETIC_TEST_DATA,RTP-FULL-SYNTH-v1.0,True
0a52b78c-4e9f-4011-bf01-dfcb485370dd,BT,RMA (Synthetic),RMA Pay,RMA,Royal Monetary Authority,Emerging,Pilot,2022,500,ISO 8583,Europe,True,True,True,0,,Limited,1,2025-04-07T02:17:23,NORMAL,,SYNTHETIC_TEST_DATA,RTP-FULL-SYNTH-v1.0,True
14777c14-8a11-4847-9cb0-6807bcf23224,MN,MonPay (Synthetic),MonPay,BOM,Bank of Mongolia,Emerging,Live,2017,2000,ISO 8583,Europe,True,True,False,10.91,99.163,Open,0,2025-04-06T14:48:07,NORMAL,,SYNTHETIC_TEST_DATA,RTP-FULL-SYNTH-v1.0,True
a50db922-80af-4455-a6fc-78b89fd37ada,KG,ElKart (Synthetic),ElKart,NBKR,National Bank of Kyrgyzstan,Emerging,Live,2016,1000,ISO 8583,Asia-Pacific,True,True,False,5.24,99.596,Limited,3,2025-03-12T20:55:43,NORMAL,,SYNTHETIC_TEST_DATA,RTP-FULL-SYNTH-v1.0,True
9ec804ea-66bc-47d7-8b4d-c0168b5f9b70,TJ,Vasl (Synthetic),Vasl,NBT,National Bank of Tajikistan,Emerging,Pilot,2023,500,ISO 8583,Asia-Pacific,True,False,True,0,,Closed,0,2025-05-27T00:21:07,NORMAL,,SYNTHETIC_TEST_DATA,RTP-FULL-SYNTH-v1.0,True
75d3e80d-03bf-40cd-927a-410328923006,TM,TurkmenPay (Synthetic),TurkmenPay,CBT,Central Bank of Turkmenistan,Emerging,Live,2019,1500,Domestic,Latin America,True,False,True,44.42,98.988,Regulated,4,2025-04-22T09:43:28,NORMAL,,SYNTHETIC_TEST_DATA,RTP-FULL-SYNTH-v1.0,True
d868781a-f937-4938-ad52-a14adbe9c493,AZ,PAŞA (Synthetic),PAŞA Pay,CBA,Central Bank of Azerbaijan,Emerging,Live,2018,3000,ISO 20022,Africa,True,False,False,7.46,98.32,Regulated,4,2025-05-02T04:37:22,NORMAL,,SYNTHETIC_TEST_DATA,RTP-FULL-SYNTH-v1.0,True
4a2cf8f5-8bc4-4baf-92aa-5f0b46dd1926,GE,SPACE (Synthetic),SPACE,NBG,National Bank of Georgia,Emerging,Live,2019,4000,ISO 20022,Africa,True,False,True,28.65,98.341,Limited,4,2025-05-21T23:32:55,NORMAL,,SYNTHETIC_TEST_DATA,RTP-FULL-SYNTH-v1.0,True
34261003-ffae-4d32-b2d1-66cd94c413e5,AM,ArmPay (Synthetic),ArmPay,CBA AM,Central Bank of Armenia,Emerging,Live,2020,2000,ISO 20022,Europe,True,True,True,9.76,99.824,Regulated,2,2025-05-07T20:50:14,NORMAL,,SYNTHETIC_TEST_DATA,RTP-FULL-SYNTH-v1.0,True
c53cc112-b638-468b-9c39-c6dfdb9d3288,BY,ERIP (Synthetic),ERIP,NBRB,National Bank of Belarus,Emerging,Live,2014,3000,ISO 20022,Asia-Pacific,True,True,True,4.46,97.778,Open,1,2025-04-23T11:38:28,NORMAL,,SYNTHETIC_TEST_DATA,RTP-FULL-SYNTH-v1.0,True
829956a4-1556-4fd1-8dbf-0ff4ea26b44d,MD,MPay (Synthetic),MPay,NBM,National Bank of Moldova,Emerging,Live,2012,1500,ISO 20022,Asia-Pacific,True,False,False,10.92,97.825,Closed,4,2025-03-06T16:05:47,LIMIT_CHANGE_TRANSITION,Transaction limit recently changed — old and new values both valid during transition,SYNTHETIC_TEST_DATA,RTP-FULL-SYNTH-v1.0,True
4d952089-78e6-4953-9d07-caf5545adb72,AL,AIPS (Synthetic),AIPS,BOA,Bank of Albania,Emerging,Live,2021,2000,ISO 20022,Middle East,True,False,False,48.03,99.003,Regulated,4,2025-03-24T14:58:59,NORMAL,,SYNTHETIC_TEST_DATA,RTP-FULL-SYNTH-v1.0,True
15006868-aa93-44c5-9c7d-036a3576ad13,MK,KIBS (Synthetic),KIBS,NBRM,National Bank of N. Macedonia,Emerging,Live,2015,1500,ISO 20022,Asia-Pacific,True,True,True,21.81,97.67,Closed,4,2025-04-24T12:48:25,NORMAL,,SYNTHETIC_TEST_DATA,RTP-FULL-SYNTH-v1.0,True
03ee7736-b3bd-4e8c-97cc-6b16ac37108b,BA,BH (Synthetic),BH Pay,CBBH,Central Bank of B&H,Emerging,Pilot,2023,1000,ISO 20022,Europe,True,False,True,0,,Closed,3,2025-05-06T03:49:58,NORMAL,,SYNTHETIC_TEST_DATA,RTP-FULL-SYNTH-v1.0,True
458e00d2-34e1-4497-8dbb-522103cbd019,RS,IPS (Synthetic),IPS,NBS,National Bank of Serbia,Emerging,Live,2018,5000,ISO 20022,Europe,True,False,False,21.44,98.855,Limited,2,2025-03-17T03:06:01,NORMAL,,SYNTHETIC_TEST_DATA,RTP-FULL-SYNTH-v1.0,True
a2c29586-4c22-4905-bbdc-0ee91447ba3f,ME,MePay (Synthetic),MePay,CBCG,Central Bank of Montenegro,Emerging,Pilot,2024,500,ISO 20022,Europe,True,True,False,0,,Regulated,0,2025-04-28T02:53:02,NORMAL,,SYNTHETIC_TEST_DATA,RTP-FULL-SYNTH-v1.0,True
921b607a-d495-4de2-a772-9379298f9850,XK,KosPay (Synthetic),KosPay,CBK KS,Central Bank of Kosovo,Emerging,Suspended,,300,ISO 20022,Asia-Pacific,True,True,True,0,,Closed,2,2025-04-09T19:51:18,SCHEME_SUSPENDED,Scheme status set to Suspended — tests UI handling of inactive schemes,SYNTHETIC_TEST_DATA,RTP-FULL-SYNTH-v1.0,True
c3f55be7-7b03-487c-8c99-b0a499de9a7e,HR,HRK (Synthetic),HRK Instant,HNB,Hrvatska narodna banka,Growing,Live,2020,15000,ISO 20022,Africa,True,False,True,27.41,98.832,Regulated,1,2025-04-09T07:24:52,NORMAL,,SYNTHETIC_TEST_DATA,RTP-FULL-SYNTH-v1.0,True
c098cad5-446b-450b-9564-bf112609c3a7,SI,SEPA (Synthetic),SEPA SI,BS,Banka Slovenije,Growing,Live,2018,110000,ISO 20022,Latin America,True,False,True,41.88,98.361,Limited,1,2025-03-31T03:55:29,NORMAL,,SYNTHETIC_TEST_DATA,RTP-FULL-SYNTH-v1.0,True
3f1a52bc-6cab-4ff5-881c-eddcaf2216f4,SK,SEPA (Synthetic),SEPA SK,NBS SK,Narodna banka Slovenska,Growing,Live,2018,110000,ISO 20022,Africa,True,True,True,22.69,99.472,Closed,4,2025-05-15T03:00:38,NORMAL,,SYNTHETIC_TEST_DATA,RTP-FULL-SYNTH-v1.0,True
dadde5a0-c836-45c0-8ad7-638f9b667b1a,BG,RINGS (Synthetic),RINGS,BNB,Bulgarian National Bank,Emerging,Live,2016,5000,ISO 20022,Middle East,True,True,True,0.76,98.038,Open,3,2025-05-06T03:26:12,NORMAL,,SYNTHETIC_TEST_DATA,RTP-FULL-SYNTH-v1.0,True
f8ca2d79-f550-4fbe-8f2c-82f3ba02ebf0,GR,DIAS (Synthetic),DIAS,BOG,Bank of Greece,Growing,Live,2019,110000,ISO 20022,Europe,True,True,True,30.36,97.888,Limited,1,2025-05-15T06:30:42,NORMAL,,SYNTHETIC_TEST_DATA,RTP-FULL-SYNTH-v1.0,True
a7d9acbf-2b3d-4a91-8ffd-89197267bd9e,CY,JCC (Synthetic),JCC Fast,CBC,Central Bank of Cyprus,Growing,Live,2020,25000,ISO 20022,Europe,True,True,False,2.84,97.581,Regulated,4,2025-04-11T12:11:29,NORMAL,,SYNTHETIC_TEST_DATA,RTP-FULL-SYNTH-v1.0,True
5121a810-b1cb-4274-93d5-c65cc6bd1544,MT,MFSC (Synthetic),MFSC Pay,MFSA,Malta Financial Services,Emerging,Pilot,2023,5000,ISO 20022,Asia-Pacific,True,False,True,0,,Open,2,2025-03-19T12:25:07,NORMAL,,SYNTHETIC_TEST_DATA,RTP-FULL-SYNTH-v1.0,True
6ddac13c-afae-4dd3-8d69-981e5f596d5f,LT,SEPA (Synthetic),SEPA LT,LB,Lietuvos bankas,Growing,Live,2017,110000,ISO 20022,Latin America,True,False,True,25.63,98.692,Open,3,2025-03-02T10:13:44,NORMAL,,SYNTHETIC_TEST_DATA,RTP-FULL-SYNTH-v1.0,True
ba56f7c5-a316-47e5-9ecd-442c01177f9c,LV,SEPA (Synthetic),SEPA LV,LB LV,Latvijas Banka,Growing,Live,2017,110000,ISO 20022,Asia-Pacific,True,False,True,27.84,99.418,Open,2,2025-05-02T18:02:17,NORMAL,,SYNTHETIC_TEST_DATA,RTP-FULL-SYNTH-v1.0,True
da233a0b-2909-4504-b8c5-73a78f5ce3af,EE,SEPA (Synthetic),SEPA EE,EP,Eesti Pank,Growing,Live,2017,110000,ISO 20022,Europe,True,True,True,14.99,98.301,Closed,3,2025-05-11T15:36:10,NORMAL,,SYNTHETIC_TEST_DATA,RTP-FULL-SYNTH-v1.0,True
5d89d875-a988-48af-90f0-4e1873d91671,IS,Greidslur (Synthetic),Greidslur,CBI IS,Central Bank of Iceland,Growing,Live,2020,50000,ISO 20022,Africa,True,False,False,13.89,99.59,Closed,1,2025-04-20T05:50:16,NORMAL,,SYNTHETIC_TEST_DATA,RTP-FULL-SYNTH-v1.0,True
8b41b893-15fb-4c65-a5c5-81c70aaa4655,IE,SEPA (Synthetic),SEPA IE,CBI IE,Central Bank of Ireland,Growing,Live,2017,110000,ISO 20022,Middle East,True,False,True,39.78,98.663,Open,3,2025-04-19T10:25:40,NORMAL,,SYNTHETIC_TEST_DATA,RTP-FULL-SYNTH-v1.0,True
3aa9be24-0bee-452e-bf88-43c9435dba47,MW,MomoPay (Synthetic),MomoPay MW,RBM,Reserve Bank of Malawi,Emerging,Pilot,2022,300,ISO 8583,Africa,True,True,True,0,,Regulated,1,2025-04-12T18:44:15,NORMAL,,SYNTHETIC_TEST_DATA,RTP-FULL-SYNTH-v1.0,True
08dd2e68-442e-4ee1-a82b-eb1b44537eef,ZM,ZICB (Synthetic),ZICB Pay,BOZ,Bank of Zambia,Emerging,Live,2020,500,ISO 8583,Africa,True,False,True,9.24,99.305,Open,3,2025-04-13T17:13:44,NORMAL,,SYNTHETIC_TEST_DATA,RTP-FULL-SYNTH-v1.0,True
983e2e48-6093-456c-a7cc-9ea1426cf6c1,ZW,ZimSwitch (Synthetic),ZimSwitch,RBZ,Reserve Bank of Zimbabwe,Emerging,Live,2015,1000,ISO 8583,Middle East,True,True,True,32.62,99.971,Limited,4,2025-03-10T10:39:43,NORMAL,,SYNTHETIC_TEST_DATA,RTP-FULL-SYNTH-v1.0,True
bfb03789-2f2c-49ef-b223-2b8aece59f4c,MZ,MPesa (Synthetic),MPesa MZ,BM,Banco de Mocambique,Emerging,Live,2013,500,Proprietary,Africa,True,True,False,28.44,99.221,Regulated,3,2025-04-05T09:48:31,NORMAL,,SYNTHETIC_TEST_DATA,RTP-FULL-SYNTH-v1.0,True
d50cf1f1-15f6-44cd-a9c9-b4582a772ba7,AO,Multicaixa (Synthetic),Multicaixa,BNA,Banco Nacional de Angola,Emerging,Live,2014,800,ISO 8583,Latin America,True,False,False,30.74,99.44,Limited,0,2025-03-06T09:47:53,NORMAL,,SYNTHETIC_TEST_DATA,RTP-FULL-SYNTH-v1.0,True
d004ce7f-4daa-4b74-8a34-357824adc999,CI,Mobile (Synthetic),Mobile CI,BCEAO,Banque Centrale Afrique Ouest,Emerging,Live,2012,600,ISO 8583,Europe,True,False,False,44.44,98.283,Open,1,2025-05-15T20:00:02,NORMAL,,SYNTHETIC_TEST_DATA,RTP-FULL-SYNTH-v1.0,True
27e23d87-8541-4ead-82b3-8c469ea362e7,S100,Synthetic Nation 100,NatPay-100,CentralOps-100,Central Bank 100,Pioneer,Pilot,2017,1000,ISO 20022,North America,True,True,True,5.91,97.095,Open,1,2025-04-01T10:00:00,NORMAL,,SYNTHETIC_TEST_DATA,RTP-FULL-SYNTH-v1.0,True
19d015b6-e834-4558-900e-7fcb2c4cecc9,S101,Synthetic Nation 101,NatPay-101,CentralOps-101,Central Bank 101,Growing,Suspended,2017,10000,Proprietary,Latin America,True,True,True,6.98,98.017,Open,1,2025-04-01T10:00:00,NORMAL,,SYNTHETIC_TEST_DATA,RTP-FULL-SYNTH-v1.0,True
12df9eb1-2ca2-487e-ba96-58c645fc46c0,S102,Synthetic Nation 102,NatPay-102,CentralOps-102,Central Bank 102,Pioneer,Suspended,2015,5000,ISO 8583,Middle East,True,False,True,7.3,98.603,Regulated,0,2025-04-01T10:00:00,SCHEME_SUSPENDED,,SYNTHETIC_TEST_DATA,RTP-FULL-SYNTH-v1.0,True
af75e301-7a2e-405e-93b3-81c64b33f803,S103,Synthetic Nation 103,NatPay-103,CentralOps-103,,Emerging,In Development,,500,ISO 20022,North America,True,True,False,9.85,99.557,Open,3,2025-04-01T10:00:00,NORMAL,,SYNTHETIC_TEST_DATA,RTP-FULL-SYNTH-v1.0,True
02e537c2-3bf7-463c-9de7-8dba96540865,S104,Synthetic Nation 104,NatPay-104,CentralOps-104,,Emerging,In Development,2019,5000,ISO 20022,North America,True,False,True,6.1,97.512,Closed,1,2025-04-01T10:00:00,NORMAL,,SYNTHETIC_TEST_DATA,RTP-FULL-SYNTH-v1.0,True
645987e2-78d0-4bb6-8930-8f0781f8da79,S105,Synthetic Nation 105,NatPay-105,CentralOps-105,,Legacy,Pilot,,,Proprietary,Europe,True,False,True,2.3,97.096,Regulated,3,2025-04-01T10:00:00,NORMAL,,SYNTHETIC_TEST_DATA,RTP-FULL-SYNTH-v1.0,True
352a2831-f431-4073-988d-17449c7ef263,S106,Synthetic Nation 106,NatPay-106,CentralOps-106,Central Bank 106,Growing,Pilot,2017,,ISO 8583,Africa,True,False,True,2.66,97.737,Closed,4,2025-04-01T10:00:00,NORMAL,,SYNTHETIC_TEST_DATA,RTP-FULL-SYNTH-v1.0,True
349c9194-f7f4-453f-a023-a2574323d4bc,S107,Synthetic Nation 107,NatPay-107,CentralOps-107,,Legacy,Pilot,2017,1000,Proprietary,Africa,True,True,True,8.61,97.457,Open,5,2025-04-01T10:00:00,MISSING_REGULATOR,,SYNTHETIC_TEST_DATA,RTP-FULL-SYNTH-v1.0,True
97f394b2-11ac-472a-b90e-b2389b0d8db9,S108,Synthetic Nation 108,NatPay-108,CentralOps-108,Central Bank 108,Legacy,Suspended,2023,10000,Proprietary,Latin America,True,True,True,6.82,98.606,Regulated,5,2025-04-01T10:00:00,NORMAL,,SYNTHETIC_TEST_DATA,RTP-FULL-SYNTH-v1.0,True
f68b8639-075d-46d9-a956-4e36a449bdfe,S109,Synthetic Nation 109,NatPay-109,CentralOps-109,Central Bank 109,Emerging,Suspended,2017,10000,ISO 20022,North America,True,False,True,5.08,97.318,Closed,2,2025-04-01T10:00:00,SCHEME_SUSPENDED,,SYNTHETIC_TEST_DATA,RTP-FULL-SYNTH-v1.0,True
4433648d-ebaa-427b-b60f-2250c370bad6,S110,Synthetic Nation 110,NatPay-110,CentralOps-110,Central Bank 110,Growing,Pilot,2017,50000,Proprietary,Asia-Pacific,True,False,False,0.2,99.778,Regulated,1,2025-04-01T10:00:00,NORMAL,,SYNTHETIC_TEST_DATA,RTP-FULL-SYNTH-v1.0,True
64fa6b4e-6107-41cc-9924-01e776efe86f,S111,Synthetic Nation 111,NatPay-111,CentralOps-111,Central Bank 111,Pioneer,Live,,10000,ISO 20022,Middle East,True,True,True,6.6,99.831,Open,2,2025-04-01T10:00:00,SCHEME_SUSPENDED,,SYNTHETIC_TEST_DATA,RTP-FULL-SYNTH-v1.0,True
3689f83c-3317-4578-94ce-c385cea99a35,S112,Synthetic Nation 112,NatPay-112,CentralOps-112,,Growing,In Development,,5000,ISO 8583,North America,True,False,False,9.0,98.35,Open,1,2025-04-01T10:00:00,NORMAL,,SYNTHETIC_TEST_DATA,RTP-FULL-SYNTH-v1.0,True
04a24af1-21a3-4b8b-bb7e-8e7ba8e8e252,S113,Synthetic Nation 113,NatPay-113,CentralOps-113,,Pioneer,In Development,2023,1000,ISO 20022,Asia-Pacific,True,True,True,0.68,97.094,Regulated,0,2025-04-01T10:00:00,SCHEME_SUSPENDED,,SYNTHETIC_TEST_DATA,RTP-FULL-SYNTH-v1.0,True
923542da-53cf-410f-9210-3a8c9511831e,S114,Synthetic Nation 114,NatPay-114,CentralOps-114,Central Bank 114,Emerging,Suspended,2017,50000,ISO 20022,North America,True,False,True,7.85,99.414,Open,0,2025-04-01T10:00:00,NORMAL,,SYNTHETIC_TEST_DATA,RTP-FULL-SYNTH-v1.0,True
9874b84c-4c69-4dbc-a32f-a49995e667a0,S115,Synthetic Nation 115,NatPay-115,CentralOps-115,,Emerging,Suspended,2021,10000,Proprietary,Asia-Pacific,True,True,True,4.03,98.015,Open,1,2025-04-01T10:00:00,NORMAL,,SYNTHETIC_TEST_DATA,RTP-FULL-SYNTH-v1.0,True
8ef0c6be-cc50-478d-8702-91c63c381da0,S116,Synthetic Nation 116,NatPay-116,CentralOps-116,Central Bank 116,Legacy,In Development,2021,1000,ISO 8583,Africa,True,True,True,4.44,99.575,Closed,0,2025-04-01T10:00:00,NORMAL,,SYNTHETIC_TEST_DATA,RTP-FULL-SYNTH-v1.0,True
16339948-4b29-430b-ac67-a4b353e7d74a,S117,Synthetic Nation 117,NatPay-117,CentralOps-117,Central Bank 117,Pioneer,In Development,2017,10000,ISO 8583,Africa,True,True,False,9.03,97.492,Open,3,2025-04-01T10:00:00,NORMAL,,SYNTHETIC_TEST_DATA,RTP-FULL-SYNTH-v1.0,True
c66e52a1-15b9-4d61-8d00-d7223683b5eb,S118,Synthetic Nation 118,NatPay-118,CentralOps-118,,Emerging,Suspended,,,Proprietary,North America,True,False,True,1.91,97.651,Open,4,2025-04-01T10:00:00,SCHEME_SUSPENDED,,SYNTHETIC_TEST_DATA,RTP-FULL-SYNTH-v1.0,True
4717c378-01b3-40f8-89d0-0ae4527286cb,S119,Synthetic Nation 119,NatPay-119,CentralOps-119,Central Bank 119,Emerging,Live,2015,50000,ISO 8583,Middle East,True,True,True,9.61,97.24,Open,0,2025-04-01T10:00:00,SCHEME_SUSPENDED,,SYNTHETIC_TEST_DATA,RTP-FULL-SYNTH-v1.0,True
b4195e60-404f-422a-bfb7-bd4e32f8b57a,S120,Synthetic Nation 120,NatPay-120,CentralOps-120,Central Bank 120,Growing,Suspended,2015,50000,ISO 20022,Middle East,True,True,True,4.2,98.745,Closed,2,2025-04-01T10:00:00,NORMAL,,SYNTHETIC_TEST_DATA,RTP-FULL-SYNTH-v1.0,True
4ea54369-ce19-47dd-a9b5-a9edf76f5c8b,S121,Synthetic Nation 121,NatPay-121,CentralOps-121,Central Bank 121,Emerging,In Development,2019,10000,ISO 20022,North America,True,False,False,3.17,99.248,Open,0,2025-04-01T10:00:00,MISSING_REGULATOR,,SYNTHETIC_TEST_DATA,RTP-FULL-SYNTH-v1.0,True
a1a7eb3f-f2e8-49f5-a86e-e1ef48647ac8,S122,Synthetic Nation 122,NatPay-122,CentralOps-122,Central Bank 122,Pioneer,In Development,2023,5000,ISO 20022,Latin America,True,True,True,3.7,97.472,Closed,5,2025-04-01T10:00:00,NORMAL,,SYNTHETIC_TEST_DATA,RTP-FULL-SYNTH-v1.0,True
bb974a82-e0b6-4ba6-8d74-73748ed4492f,S123,Synthetic Nation 123,NatPay-123,CentralOps-123,Central Bank 123,Emerging,Live,2017,5000,ISO 20022,Asia-Pacific,True,True,False,2.82,97.63,Regulated,1,2025-04-01T10:00:00,NORMAL,,SYNTHETIC_TEST_DATA,RTP-FULL-SYNTH-v1.0,True
bcf8916d-25e0-4f91-a0bf-d765ba415cf4,S124,Synthetic Nation 124,NatPay-124,CentralOps-124,,Emerging,Live,2015,,ISO 8583,Latin America,True,True,True,3.34,97.391,Regulated,1,2025-04-01T10:00:00,MISSING_REGULATOR,,SYNTHETIC_TEST_DATA,RTP-FULL-SYNTH-v1.0,True
df1f5f1a-ef4f-4078-a5bf-83f342553964,S125,Synthetic Nation 125,NatPay-125,CentralOps-125,,Pioneer,Live,2015,,ISO 20022,Middle East,True,True,False,5.83,97.443,Open,0,2025-04-01T10:00:00,NORMAL,,SYNTHETIC_TEST_DATA,RTP-FULL-SYNTH-v1.0,True
99527f9a-0fbb-4ce9-9121-f19916f1645e,S126,Synthetic Nation 126,NatPay-126,CentralOps-126,,Pioneer,Pilot,2017,,ISO 20022,North America,True,True,False,7.8,99.644,Regulated,4,2025-04-01T10:00:00,NORMAL,,SYNTHETIC_TEST_DATA,RTP-FULL-SYNTH-v1.0,True
2c2466ba-3eb6-41c4-86b7-bd295f82617f,S127,Synthetic Nation 127,NatPay-127,CentralOps-127,Central Bank 127,Growing,In Development,2021,500,ISO 20022,North America,True,False,False,8.02,99.584,Open,2,2025-04-01T10:00:00,NORMAL,,SYNTHETIC_TEST_DATA,RTP-FULL-SYNTH-v1.0,True
2f9198e1-cf7f-453a-9e1f-5c16166176f2,S128,Synthetic Nation 128,NatPay-128,CentralOps-128,Central Bank 128,Legacy,Live,2021,1000,ISO 20022,Africa,True,False,False,8.21,99.605,Open,0,2025-04-01T10:00:00,NORMAL,,SYNTHETIC_TEST_DATA,RTP-FULL-SYNTH-v1.0,True
4f967494-b00b-4669-8e29-ce4cf09f6f17,S129,Synthetic Nation 129,NatPay-129,CentralOps-129,,Emerging,Pilot,2015,5000,ISO 8583,North America,True,False,False,9.39,97.345,Regulated,1,2025-04-01T10:00:00,SCHEME_SUSPENDED,,SYNTHETIC_TEST_DATA,RTP-FULL-SYNTH-v1.0,True
93a2bbc6-52b9-4106-9265-e3077640a34e,S130,Synthetic Nation 130,NatPay-130,CentralOps-130,,Pioneer,Live,2023,10000,ISO 8583,North America,True,False,False,6.07,98.529,Regulated,4,2025-04-01T10:00:00,NORMAL,,SYNTHETIC_TEST_DATA,RTP-FULL-SYNTH-v1.0,True
19b036d6-8135-42a4-adc0-93a82ae39d24,S131,Synthetic Nation 131,NatPay-131,CentralOps-131,,Pioneer,Suspended,2015,50000,Proprietary,North America,True,True,False,4.32,99.837,Regulated,4,2025-04-01T10:00:00,NORMAL,,SYNTHETIC_TEST_DATA,RTP-FULL-SYNTH-v1.0,True
0e1d56f1-9a56-4aa4-931a-fe78c03eb92f,S132,Synthetic Nation 132,NatPay-132,CentralOps-132,Central Bank 132,Emerging,Pilot,,10000,ISO 8583,Africa,True,False,True,1.93,98.988,Regulated,5,2025-04-01T10:00:00,NORMAL,,SYNTHETIC_TEST_DATA,RTP-FULL-SYNTH-v1.0,True
bd795d10-6a05-4486-bf5c-31202e25d239,S133,Synthetic Nation 133,NatPay-133,CentralOps-133,,Legacy,Live,2019,5000,ISO 20022,Africa,True,False,False,4.42,99.02,Closed,3,2025-04-01T10:00:00,NORMAL,,SYNTHETIC_TEST_DATA,RTP-FULL-SYNTH-v1.0,True
64f1c7cf-97d4-4d36-aa9a-cb3cf8670b87,S134,Synthetic Nation 134,NatPay-134,CentralOps-134,Central Bank 134,Emerging,Pilot,2015,1000,Proprietary,Latin America,True,True,True,1.48,97.138,Regulated,4,2025-04-01T10:00:00,NORMAL,,SYNTHETIC_TEST_DATA,RTP-FULL-SYNTH-v1.0,True
2d6db69d-8bca-4f63-aad7-245804384fad,S135,Synthetic Nation 135,NatPay-135,CentralOps-135,,Legacy,In Development,,,ISO 8583,Africa,True,False,True,1.48,99.056,Open,3,2025-04-01T10:00:00,NORMAL,,SYNTHETIC_TEST_DATA,RTP-FULL-SYNTH-v1.0,True
f40a5e0a-1e89-4d15-82b2-51fcd9b045db,S136,Synthetic Nation 136,NatPay-136,CentralOps-136,Central Bank 136,Legacy,Live,2023,1000,ISO 20022,Africa,True,True,False,6.68,99.954,Closed,2,2025-04-01T10:00:00,MISSING_REGULATOR,,SYNTHETIC_TEST_DATA,RTP-FULL-SYNTH-v1.0,True
f394ff88-2c87-4b4c-a3df-988ec9c3be78,S137,Synthetic Nation 137,NatPay-137,CentralOps-137,,Legacy,In Development,,10000,ISO 8583,Latin America,True,True,False,7.66,98.559,Closed,1,2025-04-01T10:00:00,NORMAL,,SYNTHETIC_TEST_DATA,RTP-FULL-SYNTH-v1.0,True
bb834079-9ee2-4fe3-95a9-cab5b6f83d7c,S138,Synthetic Nation 138,NatPay-138,CentralOps-138,,Pioneer,Pilot,2017,5000,ISO 8583,Latin America,True,True,True,1.52,98.145,Open,5,2025-04-01T10:00:00,NORMAL,,SYNTHETIC_TEST_DATA,RTP-FULL-SYNTH-v1.0,True
9704d149-3ccf-4a27-b3f1-ea0e0f50c3fa,S139,Synthetic Nation 139,NatPay-139,CentralOps-139,Central Bank 139,Legacy,Suspended,2019,50000,ISO 8583,Africa,True,True,True,8.33,98.165,Closed,5,2025-04-01T10:00:00,NORMAL,,SYNTHETIC_TEST_DATA,RTP-FULL-SYNTH-v1.0,True
c4a40107-8704-43e3-bf50-33a4089093c5,S140,Synthetic Nation 140,NatPay-140,CentralOps-140,,Legacy,Live,2019,5000,ISO 8583,Africa,True,True,False,2.2,98.303,Open,3,2025-04-01T10:00:00,NORMAL,,SYNTHETIC_TEST_DATA,RTP-FULL-SYNTH-v1.0,True
e3b5d869-04eb-494e-b375-e17b03517bf5,S141,Synthetic Nation 141,NatPay-141,CentralOps-141,,Growing,Suspended,2017,50000,Proprietary,Asia-Pacific,True,False,True,0.85,98.282,Regulated,1,2025-04-01T10:00:00,NORMAL,,SYNTHETIC_TEST_DATA,RTP-FULL-SYNTH-v1.0,True
653e8afd-fd63-49ee-855c-9ef374838bb9,S142,Synthetic Nation 142,NatPay-142,CentralOps-142,,Legacy,Pilot,2017,10000,ISO 8583,Latin America,True,False,False,7.52,99.487,Regulated,0,2025-04-01T10:00:00,MISSING_REGULATOR,,SYNTHETIC_TEST_DATA,RTP-FULL-SYNTH-v1.0,True
2ef2bbc2-6fb2-4280-9692-879a70da2abf,S143,Synthetic Nation 143,NatPay-143,CentralOps-143,Central Bank 143,Pioneer,Pilot,2017,,ISO 20022,North America,True,True,True,9.5,97.596,Open,4,2025-04-01T10:00:00,NORMAL,,SYNTHETIC_TEST_DATA,RTP-FULL-SYNTH-v1.0,True
92803c35-0ae0-4032-b0a8-a24cee6e9995,S144,Synthetic Nation 144,NatPay-144,CentralOps-144,Central Bank 144,Growing,Suspended,,500,Proprietary,Europe,True,False,False,7.67,97.502,Closed,5,2025-04-01T10:00:00,NORMAL,,SYNTHETIC_TEST_DATA,RTP-FULL-SYNTH-v1.0,True
07e95489-10d7-4f1e-a230-b41f1a3b41b3,S145,Synthetic Nation 145,NatPay-145,CentralOps-145,Central Bank 145,Emerging,Live,2023,500,ISO 8583,Middle East,True,False,False,9.42,97.593,Closed,5,2025-04-01T10:00:00,NORMAL,,SYNTHETIC_TEST_DATA,RTP-FULL-SYNTH-v1.0,True
8a50d299-9934-40f6-83c0-7a9eb8a038ab,S146,Synthetic Nation 146,NatPay-146,CentralOps-146,Central Bank 146,Emerging,Live,2023,500,ISO 8583,Middle East,True,False,False,0.7,98.936,Open,3,2025-04-01T10:00:00,MISSING_REGULATOR,,SYNTHETIC_TEST_DATA,RTP-FULL-SYNTH-v1.0,True
1d4a463f-7ce6-4da4-82e4-bb2c0324955c,S147,Synthetic Nation 147,NatPay-147,CentralOps-147,Central Bank 147,Legacy,Pilot,,10000,Proprietary,Europe,True,False,True,7.34,99.887,Regulated,4,2025-04-01T10:00:00,SCHEME_SUSPENDED,,SYNTHETIC_TEST_DATA,RTP-FULL-SYNTH-v1.0,True
288b721c-320e-404b-84a8-da316ac04c6f,S148,Synthetic Nation 148,NatPay-148,CentralOps-148,,Legacy,Suspended,,50000,ISO 8583,Latin America,True,True,True,2.8,98.348,Regulated,4,2025-04-01T10:00:00,SCHEME_SUSPENDED,,SYNTHETIC_TEST_DATA,RTP-FULL-SYNTH-v1.0,True
8024f2c0-fce5-4121-934f-55e2d24a9b87,S149,Synthetic Nation 149,NatPay-149,CentralOps-149,,Emerging,Live,2021,5000,ISO 20022,Africa,True,True,False,7.98,98.018,Closed,5,2025-04-01T10:00:00,NORMAL,,SYNTHETIC_TEST_DATA,RTP-FULL-SYNTH-v1.0,True
8a7fa21a-1084-4b7e-9235-09e4c443169f,S150,Synthetic Nation 150,NatPay-150,CentralOps-150,Central Bank 150,Growing,Live,2017,,ISO 8583,Africa,True,True,False,6.46,98.468,Open,0,2025-04-01T10:00:00,NORMAL,,SYNTHETIC_TEST_DATA,RTP-FULL-SYNTH-v1.0,True
5ae18ec8-9b1d-46cc-99be-5891f8cf3afb,S151,Synthetic Nation 151,NatPay-151,CentralOps-151,Central Bank 151,Legacy,In Development,2019,,Proprietary,Latin America,True,False,False,4.26,99.23,Regulated,2,2025-04-01T10:00:00,MISSING_REGULATOR,,SYNTHETIC_TEST_DATA,RTP-FULL-SYNTH-v1.0,True
e2a42207-5f02-4d01-987b-26fc5734545f,S152,Synthetic Nation 152,NatPay-152,CentralOps-152,,Emerging,Pilot,2017,500,Proprietary,Europe,True,False,True,7.43,99.843,Closed,1,2025-04-01T10:00:00,NORMAL,,SYNTHETIC_TEST_DATA,RTP-FULL-SYNTH-v1.0,True
28fd1b46-8ba1-4f2d-906f-d64ccea3a307,S153,Synthetic Nation 153,NatPay-153,CentralOps-153,Central Bank 153,Legacy,Pilot,,50000,Proprietary,Middle East,True,False,True,8.33,97.886,Regulated,1,2025-04-01T10:00:00,NORMAL,,SYNTHETIC_TEST_DATA,RTP-FULL-SYNTH-v1.0,True
e348a381-77ab-4075-ad6f-df0369560770,S154,Synthetic Nation 154,NatPay-154,CentralOps-154,Central Bank 154,Growing,Pilot,2015,500,Proprietary,Latin America,True,True,False,1.03,97.037,Regulated,3,2025-04-01T10:00:00,MISSING_REGULATOR,,SYNTHETIC_TEST_DATA,RTP-FULL-SYNTH-v1.0,True
65d8a0e5-940e-4d93-943c-d430ef11f368,S155,Synthetic Nation 155,NatPay-155,CentralOps-155,,Emerging,In Development,2015,5000,ISO 8583,Asia-Pacific,True,True,False,4.92,98.725,Closed,0,2025-04-01T10:00:00,NORMAL,,SYNTHETIC_TEST_DATA,RTP-FULL-SYNTH-v1.0,True
91713d14-e0fc-4dff-97c8-19b6dbfba2d9,S156,Synthetic Nation 156,NatPay-156,CentralOps-156,Central Bank 156,Emerging,Live,2017,500,Proprietary,Africa,True,True,False,4.51,98.324,Closed,3,2025-04-01T10:00:00,NORMAL,,SYNTHETIC_TEST_DATA,RTP-FULL-SYNTH-v1.0,True
a57eef15-1583-44ad-a3ed-b4207e01a300,S157,Synthetic Nation 157,NatPay-157,CentralOps-157,Central Bank 157,Pioneer,In Development,,1000,ISO 8583,North America,True,True,True,2.41,98.65,Open,0,2025-04-01T10:00:00,MISSING_REGULATOR,,SYNTHETIC_TEST_DATA,RTP-FULL-SYNTH-v1.0,True
f16a9eaa-32ac-46a1-befb-a3f385c3c9aa,S158,Synthetic Nation 158,NatPay-158,CentralOps-158,,Legacy,Pilot,2015,1000,ISO 8583,North America,True,False,False,0.72,97.698,Regulated,5,2025-04-01T10:00:00,SCHEME_SUSPENDED,,SYNTHETIC_TEST_DATA,RTP-FULL-SYNTH-v1.0,True
b0943c43-38a9-4058-b761-c350515b92b8,S159,Synthetic Nation 159,NatPay-159,CentralOps-159,Central Bank 159,Legacy,Live,2023,1000,Proprietary,Europe,True,False,True,0.72,97.496,Regulated,4,2025-04-01T10:00:00,SCHEME_SUSPENDED,,SYNTHETIC_TEST_DATA,RTP-FULL-SYNTH-v1.0,True
9800ac7e-bdc4-471a-8215-384406625434,S160,Synthetic Nation 160,NatPay-160,CentralOps-160,,Legacy,Live,2021,,ISO 8583,North America,True,False,False,5.01,98.476,Open,4,2025-04-01T10:00:00,NORMAL,,SYNTHETIC_TEST_DATA,RTP-FULL-SYNTH-v1.0,True
1e19a87e-f008-49b2-b822-bbc2872f4178,S161,Synthetic Nation 161,NatPay-161,CentralOps-161,,Emerging,Pilot,2015,500,ISO 20022,North America,True,True,False,5.77,99.282,Open,3,2025-04-01T10:00:00,SCHEME_SUSPENDED,,SYNTHETIC_TEST_DATA,RTP-FULL-SYNTH-v1.0,True
6018448f-fa87-4a0f-b8d1-fc01590f2a6c,S162,Synthetic Nation 162,NatPay-162,CentralOps-162,,Emerging,In Development,2023,10000,Proprietary,Africa,True,True,False,3.49,97.997,Closed,0,2025-04-01T10:00:00,NORMAL,,SYNTHETIC_TEST_DATA,RTP-FULL-SYNTH-v1.0,True
9134b67b-2572-426b-837e-d3034f925aae,S163,Synthetic Nation 163,NatPay-163,CentralOps-163,,Legacy,Suspended,2019,,ISO 8583,Middle East,True,True,False,0.89,97.755,Open,3,2025-04-01T10:00:00,SCHEME_SUSPENDED,,SYNTHETIC_TEST_DATA,RTP-FULL-SYNTH-v1.0,True
8bc79184-7c93-41e9-bc76-069c4f4a70b9,S164,Synthetic Nation 164,NatPay-164,CentralOps-164,Central Bank 164,Legacy,Suspended,2015,1000,Proprietary,Latin America,True,False,False,7.6,97.609,Closed,1,2025-04-01T10:00:00,NORMAL,,SYNTHETIC_TEST_DATA,RTP-FULL-SYNTH-v1.0,True
76f59b2a-ce69-4643-8490-d5aa42d60965,S165,Synthetic Nation 165,NatPay-165,CentralOps-165,,Legacy,Live,2015,,Proprietary,Europe,True,True,False,5.51,98.651,Open,1,2025-04-01T10:00:00,NORMAL,,SYNTHETIC_TEST_DATA,RTP-FULL-SYNTH-v1.0,True
73c7834e-e854-4b96-b6ff-bebd8b32c8f7,S166,Synthetic Nation 166,NatPay-166,CentralOps-166,,Pioneer,In Development,2021,,ISO 8583,Middle East,True,False,False,8.35,99.931,Open,3,2025-04-01T10:00:00,SCHEME_SUSPENDED,,SYNTHETIC_TEST_DATA,RTP-FULL-SYNTH-v1.0,True
b92bee15-9906-4ee5-895c-a32495a6c787,S167,Synthetic Nation 167,NatPay-167,CentralOps-167,Central Bank 167,Legacy,In Development,2023,50000,Proprietary,Europe,True,True,False,7.73,99.555,Regulated,4,2025-04-01T10:00:00,NORMAL,,SYNTHETIC_TEST_DATA,RTP-FULL-SYNTH-v1.0,True
e73bbce2-4ff3-4aeb-b1f4-2c3b668a5198,S168,Synthetic Nation 168,NatPay-168,CentralOps-168,Central Bank 168,Emerging,Pilot,2023,50000,Proprietary,Africa,True,True,False,5.39,98.032,Closed,4,2025-04-01T10:00:00,MISSING_REGULATOR,,SYNTHETIC_TEST_DATA,RTP-FULL-SYNTH-v1.0,True
4b739642-691c-4431-9ee6-de51537d5119,S169,Synthetic Nation 169,NatPay-169,CentralOps-169,,Emerging,In Development,,1000,Proprietary,Africa,True,True,False,0.45,99.227,Closed,3,2025-04-01T10:00:00,MISSING_REGULATOR,,SYNTHETIC_TEST_DATA,RTP-FULL-SYNTH-v1.0,True
5b2ebd4f-ce02-479e-96b6-8ec363963e80,S170,Synthetic Nation 170,NatPay-170,CentralOps-170,Central Bank 170,Legacy,Live,2017,50000,Proprietary,Latin America,True,True,False,1.01,99.722,Open,5,2025-04-01T10:00:00,NORMAL,,SYNTHETIC_TEST_DATA,RTP-FULL-SYNTH-v1.0,True
bd64c97b-08eb-411b-9e44-0fec20ccd7f4,S171,Synthetic Nation 171,NatPay-171,CentralOps-171,,Growing,Live,2021,5000,ISO 8583,Middle East,True,False,True,8.52,99.549,Closed,3,2025-04-01T10:00:00,NORMAL,,SYNTHETIC_TEST_DATA,RTP-FULL-SYNTH-v1.0,True
b2b4e9d0-8b96-488b-8e3a-6f76f2f23d1e,S172,Synthetic Nation 172,NatPay-172,CentralOps-172,,Pioneer,Live,2017,,Proprietary,Latin America,True,True,True,4.35,97.294,Closed,5,2025-04-01T10:00:00,NORMAL,,SYNTHETIC_TEST_DATA,RTP-FULL-SYNTH-v1.0,True
d1afe660-7c1d-4707-88f2-b5f23871bc18,S173,Synthetic Nation 173,NatPay-173,CentralOps-173,,Growing,Pilot,2015,500,ISO 8583,Asia-Pacific,True,False,False,3.75,97.435,Closed,3,2025-04-01T10:00:00,SCHEME_SUSPENDED,,SYNTHETIC_TEST_DATA,RTP-FULL-SYNTH-v1.0,True
11a0ba96-59c8-4f0a-9f32-feba8629fe84,S174,Synthetic Nation 174,NatPay-174,CentralOps-174,Central Bank 174,Growing,In Development,2015,50000,ISO 8583,Middle East,True,True,False,9.13,97.428,Regulated,5,2025-04-01T10:00:00,NORMAL,,SYNTHETIC_TEST_DATA,RTP-FULL-SYNTH-v1.0,True
26bcbb2a-f7d0-4391-8ac8-c32db25605a4,S175,Synthetic Nation 175,NatPay-175,CentralOps-175,,Emerging,Live,2021,5000,Proprietary,Middle East,True,True,True,4.42,98.033,Closed,2,2025-04-01T10:00:00,MISSING_REGULATOR,,SYNTHETIC_TEST_DATA,RTP-FULL-SYNTH-v1.0,True
6069f579-fc50-458b-a2a6-660ae7fcab05,S176,Synthetic Nation 176,NatPay-176,CentralOps-176,,Legacy,Pilot,2017,10000,ISO 8583,Asia-Pacific,True,True,False,5.72,98.719,Closed,2,2025-04-01T10:00:00,NORMAL,,SYNTHETIC_TEST_DATA,RTP-FULL-SYNTH-v1.0,True
c1974853-dbcc-4fd2-93cb-c61fbbefcba8,S177,Synthetic Nation 177,NatPay-177,CentralOps-177,,Emerging,Live,2023,,Proprietary,Asia-Pacific,True,False,False,7.76,97.688,Regulated,1,2025-04-01T10:00:00,NORMAL,,SYNTHETIC_TEST_DATA,RTP-FULL-SYNTH-v1.0,True
c9f3eedc-84ba-4c50-ad15-3e1663bd9c65,S178,Synthetic Nation 178,NatPay-178,CentralOps-178,,Growing,Live,,,ISO 20022,Latin America,True,False,True,5.8,99.19,Open,2,2025-04-01T10:00:00,NORMAL,,SYNTHETIC_TEST_DATA,RTP-FULL-SYNTH-v1.0,True
2f911040-13bd-4902-8381-ac856b5a2bd7,S179,Synthetic Nation 179,NatPay-179,CentralOps-179,,Growing,In Development,2017,50000,ISO 8583,Middle East,True,False,True,2.58,99.466,Regulated,2,2025-04-01T10:00:00,NORMAL,,SYNTHETIC_TEST_DATA,RTP-FULL-SYNTH-v1.0,True
a011af98-d0cf-4e24-83db-814af23a4260,S180,Synthetic Nation 180,NatPay-180,CentralOps-180,Central Bank 180,Legacy,Live,2017,1000,Proprietary,North America,True,False,False,0.91,98.18,Regulated,4,2025-04-01T10:00:00,NORMAL,,SYNTHETIC_TEST_DATA,RTP-FULL-SYNTH-v1.0,True
33c52110-4188-48c4-92a4-a32a81ebe42c,S181,Synthetic Nation 181,NatPay-181,CentralOps-181,,Emerging,Pilot,2023,10000,Proprietary,Latin America,True,True,True,4.72,98.852,Closed,2,2025-04-01T10:00:00,SCHEME_SUSPENDED,,SYNTHETIC_TEST_DATA,RTP-FULL-SYNTH-v1.0,True
b698a2e6-b787-46a5-abcc-5b82eb0167df,S182,Synthetic Nation 182,NatPay-182,CentralOps-182,Central Bank 182,Pioneer,Suspended,,5000,Proprietary,Africa,True,True,True,0.46,97.111,Regulated,0,2025-04-01T10:00:00,NORMAL,,SYNTHETIC_TEST_DATA,RTP-FULL-SYNTH-v1.0,True
ecac273f-3f41-41dc-9cbf-f1e9dfff2fa1,S183,Synthetic Nation 183,NatPay-183,CentralOps-183,Central Bank 183,Growing,Suspended,2021,5000,Proprietary,North America,True,False,True,8.86,98.958,Regulated,4,2025-04-01T10:00:00,MISSING_REGULATOR,,SYNTHETIC_TEST_DATA,RTP-FULL-SYNTH-v1.0,True
f5ec9789-8eaf-4afa-a255-6aa63a3d7836,S184,Synthetic Nation 184,NatPay-184,CentralOps-184,,Pioneer,Pilot,2017,10000,ISO 8583,Europe,True,False,True,9.81,98.098,Closed,2,2025-04-01T10:00:00,NORMAL,,SYNTHETIC_TEST_DATA,RTP-FULL-SYNTH-v1.0,True
72a0c335-57c3-452f-94de-8db8b9aeff89,S185,Synthetic Nation 185,NatPay-185,CentralOps-185,,Emerging,In Development,2015,10000,ISO 20022,North America,True,True,True,0.52,97.997,Open,4,2025-04-01T10:00:00,NORMAL,,SYNTHETIC_TEST_DATA,RTP-FULL-SYNTH-v1.0,True
bf4e1be0-fd25-4bae-b8a3-6c9e71571616,S186,Synthetic Nation 186,NatPay-186,CentralOps-186,Central Bank 186,Growing,In Development,2017,5000,ISO 20022,Middle East,True,True,False,8.59,97.433,Open,4,2025-04-01T10:00:00,NORMAL,,SYNTHETIC_TEST_DATA,RTP-FULL-SYNTH-v1.0,True
ac6a5d6d-7a19-4171-b2f5-aa06ea6007e9,S187,Synthetic Nation 187,NatPay-187,CentralOps-187,Central Bank 187,Pioneer,Live,2017,500,ISO 8583,Europe,True,False,True,1.75,97.157,Closed,3,2025-04-01T10:00:00,SCHEME_SUSPENDED,,SYNTHETIC_TEST_DATA,RTP-FULL-SYNTH-v1.0,True
517a6e67-7b86-4930-9de8-73187bca4e17,S188,Synthetic Nation 188,NatPay-188,CentralOps-188,Central Bank 188,Pioneer,Suspended,2021,5000,Proprietary,Middle East,True,True,False,5.04,99.827,Open,5,2025-04-01T10:00:00,SCHEME_SUSPENDED,,SYNTHETIC_TEST_DATA,RTP-FULL-SYNTH-v1.0,True
ed6aed41-454b-4b22-bd3e-4d2b83b89451,S189,Synthetic Nation 189,NatPay-189,CentralOps-189,,Legacy,Live,2015,10000,ISO 8583,Africa,True,True,False,7.13,98.326,Open,2,2025-04-01T10:00:00,SCHEME_SUSPENDED,,SYNTHETIC_TEST_DATA,RTP-FULL-SYNTH-v1.0,True
70314d69-364b-47b5-b9a2-b479224616de,S190,Synthetic Nation 190,NatPay-190,CentralOps-190,Central Bank 190,Pioneer,In Development,2019,50000,Proprietary,Middle East,True,False,False,9.95,98.586,Regulated,4,2025-04-01T10:00:00,SCHEME_SUSPENDED,,SYNTHETIC_TEST_DATA,RTP-FULL-SYNTH-v1.0,True
37f65975-41ef-41bf-8c7a-92b1c2a1e5ae,S191,Synthetic Nation 191,NatPay-191,CentralOps-191,,Pioneer,Live,,,Proprietary,North America,True,True,False,4.52,97.683,Regulated,3,2025-04-01T10:00:00,MISSING_REGULATOR,,SYNTHETIC_TEST_DATA,RTP-FULL-SYNTH-v1.0,True
4146bc3b-8262-48c3-8a0b-da8cd56e45fe,S192,Synthetic Nation 192,NatPay-192,CentralOps-192,,Pioneer,Pilot,2021,5000,Proprietary,Latin America,True,False,True,6.87,98.418,Open,0,2025-04-01T10:00:00,NORMAL,,SYNTHETIC_TEST_DATA,RTP-FULL-SYNTH-v1.0,True
af6a7afa-8103-4556-8076-3d6670c35bae,S193,Synthetic Nation 193,NatPay-193,CentralOps-193,,Pioneer,Pilot,2017,50000,ISO 20022,Middle East,True,False,True,4.11,99.612,Regulated,5,2025-04-01T10:00:00,NORMAL,,SYNTHETIC_TEST_DATA,RTP-FULL-SYNTH-v1.0,True
bee9a410-a0f9-439a-ad00-39e24b3a1a1b,S194,Synthetic Nation 194,NatPay-194,CentralOps-194,,Emerging,Pilot,2015,50000,Proprietary,Europe,True,True,False,2.25,97.324,Closed,2,2025-04-01T10:00:00,NORMAL,,SYNTHETIC_TEST_DATA,RTP-FULL-SYNTH-v1.0,True
09a698cb-bfa6-4aa7-8a0f-237c4f220e2e,S195,Synthetic Nation 195,NatPay-195,CentralOps-195,,Growing,Suspended,2023,50000,Proprietary,North America,True,True,False,0.3,97.817,Regulated,2,2025-04-01T10:00:00,NORMAL,,SYNTHETIC_TEST_DATA,RTP-FULL-SYNTH-v1.0,True
31f08dc6-a3bd-449f-9aa8-2f1e45d7a402,S196,Synthetic Nation 196,NatPay-196,CentralOps-196,Central Bank 196,Growing,In Development,2023,,ISO 8583,Asia-Pacific,True,True,True,0.93,98.586,Regulated,3,2025-04-01T10:00:00,MISSING_REGULATOR,,SYNTHETIC_TEST_DATA,RTP-FULL-SYNTH-v1.0,True
d260e010-c5f4-4f99-9cc7-51042b784d9c,S197,Synthetic Nation 197,NatPay-197,CentralOps-197,,Growing,Pilot,2019,,ISO 8583,Middle East,True,True,True,1.56,99.256,Open,5,2025-04-01T10:00:00,NORMAL,,SYNTHETIC_TEST_DATA,RTP-FULL-SYNTH-v1.0,True
345dfe38-7478-4079-a8ba-0ece72c608d7,S198,Synthetic Nation 198,NatPay-198,CentralOps-198,,Legacy,Suspended,2021,50000,ISO 8583,Africa,True,False,True,7.55,97.34,Regulated,0,2025-04-01T10:00:00,NORMAL,,SYNTHETIC_TEST_DATA,RTP-FULL-SYNTH-v1.0,True
0c8759e4-3141-435a-8260-3e55809b74fb,S199,Synthetic Nation 199,NatPay-199,CentralOps-199,,Emerging,Live,2017,10000,Proprietary,Asia-Pacific,True,True,True,3.02,97.632,Open,2,2025-04-01T10:00:00,NORMAL,,SYNTHETIC_TEST_DATA,RTP-FULL-SYNTH-v1.0,True
